-- ===============================================================
-- EarthBnB Sample Data Insertion
-- ===============================================================
-- This script populates an already-created EarthBnB database
-- with representative sample data.
--
-- It assumes that the schema installation script has already been
-- executed successfully and that the database is empty.
--
-- The insert order follows the foreign key dependencies of the
-- schema. Parent records are inserted before dependent records.
--
-- For any questions about the logic, reference the creation file
-- or the data dictionary.
-- ===============================================================

USE EarthBnB;

INSERT INTO countries (name, tax_fixed, tax_percentage, per_person, applied_once, currency) VALUES
('Germany', 5.00, 0.00000, TRUE, TRUE, 'EUR'),
('Austria', 2.50, 0.00000, TRUE, FALSE, 'EUR'),
('Switzerland', 3.00, 0.00000, TRUE, FALSE, 'CHF'),
('Netherlands', 0.00, 0.05125, FALSE, FALSE, 'EUR'),
('Sweden', 0.00, 0.02500, FALSE, FALSE, 'SEK'),
('Norway', 0.00, 0.03000, FALSE, FALSE, 'NOK'),
('France', 1.50, 0.00000, TRUE, FALSE, 'EUR'),
('Spain', 2.00, 0.00000, TRUE, FALSE, 'EUR'),
('Italy', 3.50, 0.00000, TRUE, FALSE, 'EUR'),
('Greece', 0.00, 0.02000, FALSE, TRUE, 'EUR'),
('United States', 0.00, 0.06000, FALSE, FALSE, 'USD'),
('Canada', 0.00, 0.05000, FALSE, FALSE, 'CAD'),
('Australia', 0.00, 0.04000, FALSE, FALSE, 'AUD'),
('United Kingdom', 2.00, 0.00000, TRUE, TRUE, 'GBP'),
('Ireland', 0.00, 0.03500, FALSE, FALSE, 'EUR'),
('Japan', 10.00, 0.00000, TRUE, TRUE, 'JPY'),
('United Arab Emirates', 0.00, 0.05000, FALSE, FALSE, 'AED'),
('Saudi Arabia', 0.00, 0.05000, FALSE, FALSE, 'SAR'),
('Egypt', 1.00, 0.00000, TRUE, TRUE, 'EGP'),
('Poland', 2.00, 0.00000, TRUE, FALSE, 'PLN'),
('Czech Republic', 1.25, 0.00000, TRUE, FALSE, 'CZK'),
('Portugal', 2.00, 0.00000, TRUE, FALSE, 'EUR'),
('Belgium', 0.00, 0.03000, FALSE, FALSE, 'EUR'),
('Denmark', 0.00, 0.02300, FALSE, FALSE, 'DKK'),
('Finland', 1.00, 0.00000, TRUE, FALSE, 'EUR');

INSERT INTO addresses (identifier, street, street_no, postal_code, city, state, country_id) VALUES
('Private apartment','Lindenweg','14','80331','Munich','BY',1),
('Private apartment','Bergstraße','8','10115','Berlin','BE',1),
('Private apartment','Mariahilfer Straße','22','1060','Vienna','W',2),
('Private apartment','Seefeldstrasse','41','8008','Zurich','ZH',3),
('Private apartment','Keizersgracht','118','1015 CW','Amsterdam','NH',4),
('Private apartment','Hafenstraße','5','20457','Hamburg','HH',1),
('Private apartment','Sveavägen','73','113 50','Stockholm','AB',5),
('Private apartment','Market Street','621','94105','San Francisco','CA',11),
('Private apartment','Nordring','19','90409','Nuremberg','BY',1),
('Private apartment','Römerstraße','27','50667','Cologne','NW',1),
('Private apartment','Graben','11','1010','Vienna','W',2),
('Private apartment','Rue du Rhône','15','1204','Geneva','GE',3),
('Private apartment','Prinsengracht','204','1016 HD','Amsterdam','NH',4),
('Private apartment','Schlossallee','3','53113','Bonn','NW',1),
('Private apartment','Königstraße','55','70173','Stuttgart','BW',1),
('Private apartment','Theaterplatz','9','01067','Dresden','SN',1),
('Private apartment','Goethestraße','16','60313','Frankfurt','HE',1),
('Private apartment','Carrer de Mallorca','301','08037','Barcelona','CT',8),
('Private apartment','Am Markt','4','28195','Bremen','HB',1),
('Private apartment','Holzmarkt','31','50676','Cologne','NW',1),
('Private apartment','Drottninggatan','46','111 21','Stockholm','AB',5),
('Private apartment','Nyhavn','18','1051','Copenhagen','84',24),
('Private apartment','West 23rd Street','144','10011','New York','NY',11),
('Private apartment','Ermou Street','33','10563','Athens','I',10),
('Private apartment','Tahrir Square Road','7','11512','Cairo','C',19),
('Private apartment','Brooklyn Avenue','82','11216','New York','NY',11),
('Private apartment','Al Wasl Road','210','00000','Dubai','DU',17),
('Private apartment','Via Torino','64','20123','Milan','MI',9),
('Private apartment','Calle Atocha','97','28012','Madrid','MD',8),
('Private apartment','Marszałkowska','58','00-545','Warsaw','MZ',20),
('Private apartment','Larimer Street','1930','80202','Denver','CO',11),
('Private apartment','King Fahd Road','44','12271','Riyadh','01',18),
('Private apartment','Via Roma','21','00184','Rome','RM',9),
('Private apartment','Calle San Bernardo','12','28015','Madrid','MD',8),
('Private apartment','Rue Oberkampf','88','75011','Paris','IDF',7),
('Private apartment','Karl Johans gate','17','0159','Oslo','03',6),
('Private apartment','Shibuya Crossing Lane','5','150-0002','Tokyo','13',16),
('Private apartment','Dame Street','29','D02','Dublin','D',15),
('Private apartment','Nerudova','14','118 00','Prague','10',21),
('Private apartment','Isarstraße','6','81675','Munich','BY',1),
('Mountain cabin','Alpenblickweg','2','82467','Garmisch-Partenkirchen','BY',1),
('City loft','Reeperbahn','112','20359','Hamburg','HH',1),
('Garden studio','Kollwitzstraße','45','10405','Berlin','BE',1),
('Historic guest flat','Mozartgasse','7','5020','Salzburg','S',2),
('Lakefront apartment','Uferstrasse','18','6003','Lucerne','LU',3),
('Canal house suite','Herengracht','311','1016 AX','Amsterdam','NH',4),
('Old town room','Västerlånggatan','29','111 29','Stockholm','AB',5),
('Central Paris flat','Rue de Rivoli','140','75001','Paris','IDF',7),
('Gothic Quarter stay','Carrer del Pi','6','08002','Barcelona','CT',8),
('Roman holiday apartment','Via dei Coronari','52','00186','Rome','RM',9),
('Acropolis view studio','Adrianou Street','24','10555','Athens','I',10),
('Beachfront condo','Ocean Drive','728','33139','Miami','FL',11),
('Downtown rental','Queen Street West','510','M5V 2B7','Toronto','ON',12),
('Harbour apartment','George Street','88','2000','Sydney','NSW',13),
('Classic London flat','Baker Street','221B','NW1 6XE','London','ENG',14),
('Dublin city room','Grafton Street','44','D02','Dublin','D',15),
('Harajuku micro flat','Takeshita Street','13','150-0001','Tokyo','13',16),
('Dubai beach apartment','Jumeirah Beach Road','301','00000','Dubai','DU',17),
('Lisbon balcony flat','Rua Augusta','99','1100-053','Lisbon','11',22),
('Brussels market studio','Grand Place','4','1000','Brussels','BRU',23),
('EarthBnB Munich Office','Leopoldstraße','44','80802','Munich','BY',1),
('EarthBnB Hamburg Office','Jungfernstieg','16','20354','Hamburg','HH',1),
('EarthBnB Cologne Office','Hohenzollernring','58','50672','Cologne','NW',1),
('EarthBnB Frankfurt Office','Mainzer Landstraße','90','60327','Frankfurt','HE',1),
('EarthBnB Stuttgart Office','Königstraße','71','70173','Stuttgart','BW',1),
('EarthBnB Salzburg Office','Linzer Gasse','12','5020','Salzburg','S',2),
('EarthBnB Geneva Office','Rue du Mont-Blanc','19','1201','Geneva','GE',3),
('EarthBnB Rotterdam Office','Coolsingel','88','3011 AD','Rotterdam','ZH',4),
('EarthBnB Gothenburg Office','Avenyn','24','411 36','Gothenburg','O',5),
('EarthBnB Oslo Office','Dronningens gate','14','0152','Oslo','03',6),
('EarthBnB Lyon Office','Rue Mercière','11','69002','Lyon','ARA',7),
('EarthBnB Valencia Office','Carrer Colón','63','46004','Valencia','VC',8),
('EarthBnB Milan Office','Corso Buenos Aires','102','20124','Milan','MI',9),
('EarthBnB Boston Office','Boylston Street','210','02116','Boston','MA',11),
('EarthBnB Vancouver Office','Granville Street','777','V6Z 1K3','Vancouver','BC',12),
('EarthBnB Manchester Office','Deansgate','88','M3 2QG','Manchester','ENG',14),
('EarthBnB Cork Office','Patrick Street','27','T12','Cork','C',15),
('EarthBnB Kyoto Office','Shijo Street','31','600-8001','Kyoto','26',16),
('EarthBnB Lisbon Office','Rua Garrett','17','1200-203','Lisbon','11',22),
('EarthBnB Brussels South Office','Avenue Louise','204','1050','Brussels','BRU',23),
('Private apartment','Getreidegasse','9','5020','Salzburg','S',2),
('Private apartment','Witte de Withstraat','31','3012 BM','Rotterdam','ZH',4),
('Private apartment','Kungsportsavenyen','19','411 36','Gothenburg','O',5),
('Private apartment','Rue de la République','44','69002','Lyon','ARA',7),
('Private apartment','Carrer Colón','21','46004','Valencia','VC',8),
('Private apartment','Beacon Street','215','02116','Boston','MA',11),
('Private apartment','Robson Street','688','V6B 1A1','Vancouver','BC',12),
('Private apartment','Oxford Road','117','M1 7DU','Manchester','ENG',14),
('Private apartment','Oliver Plunkett Street','12','T12','Cork','C',15),
('Private apartment','Karasuma Street','66','600-8008','Kyoto','26',16),
('Private apartment','Avenida da Liberdade','155','1250-096','Lisbon','11',22),
('Private apartment','Avenue Louise','204','1050','Brussels','BRU',23),
('Minimal Berlin Studio','Simon-Dach-Straße','18','10245','Berlin','BE',1),
('Vienna Courtyard Apartment','Neubaugasse','44','1070','Vienna','W',2),
('Zurich Riverside Room','Limmatquai','72','8001','Zurich','ZH',3),
('Amsterdam Artist Flat','Tweede Anjeliersdwarsstraat','9','1015 NR','Amsterdam','NH',4),
('Stockholm Harbour Studio','Skeppsbron','12','111 30','Stockholm','AB',5),
('San Francisco Hilltop Room','Vallejo Street','920','94133','San Francisco','CA',11),
('Nuremberg Old Town Flat','Weißgerbergasse','24','90403','Nuremberg','BY',1),
('Copenhagen Cozy Flat','Istedgade','61','1650','Copenhagen','84',24),
('Athens Plaka Apartment','Kidathineon','16','10558','Athens','I',10),
('Brooklyn Brownstone Room','Bedford Avenue','388','11211','New York','NY',11),
('Madrid Sunny Apartment','Calle de Fuencarral','88','28004','Madrid','MD',8),
('Warsaw City Studio','Nowy Świat','41','00-042','Warsaw','MZ',20);

INSERT INTO workplaces (address_id, location_title) VALUES
(61, 'Munich Office'),
(62, 'Hamburg Office'),
(63, 'Cologne Office'),
(64, 'Frankfurt Office'),
(65, 'Stuttgart Office'),
(66, 'Salzburg Office'),
(67, 'Geneva Office'),
(68, 'Rotterdam Office'),
(69, 'Gothenburg Office'),
(70, 'Oslo Office'),
(71, 'Lyon Office'),
(72, 'Valencia Office'),
(73, 'Milan Office'),
(74, 'Boston Office'),
(75, 'Vancouver Office'),
(76, 'Manchester Office'),
(77, 'Cork Office'),
(78, 'Kyoto Office'),
(79, 'Lisbon Office'),
(80, 'Brussels South Office');

INSERT INTO users (first_name, last_name, user_name, password, email_address, phone_number, verified) VALUES
('Alice','Meyer','alice.m','A1ice!Pass','alice.meyer@gmail.com','+49-151-88451234',TRUE),
('Ben','Schulz','benji_s','B3n#Secure','ben.schulz@outlook.com','+49-176-33219877',TRUE),
('Clara','Weber','claraw','Cl@ra2024','clara.weber@yahoo.com','+43-664-1122334',TRUE),
('David','Fischer','dfisch','Dav!dPwd','david.fischer@hotmail.com','+41-79-9988776',TRUE),
('Emma','Klein','emma.k','Emm@Safe','emma.klein@gmail.com','+31-6-12345678',TRUE),
('Felix','Wagner','felix_w','F3lixPW','felix.wagner@aol.com','+49-171-5566778',TRUE),
('Greta','Becker','g_beck','Gr3ta!','greta.becker@icloud.com','+46-70-4455667',TRUE),
('Henry','Hoffmann','henryh','H3nry#1','henry.hoffmann@gmail.com','+1-415-555-0181',TRUE),
('Isabel','Neumann','isa_neu','Isa!Pwd','isabel.neumann@outlook.com','+49-160-9988776',TRUE),
('Jonas','Richter','jon_r','J0nas*Pw','jonas.richter@gmail.com','+49-152-2233445',TRUE),
('Klara','Braun','klara_b','Kl@raPW','klara.braun@yahoo.com','+43-650-7766554',TRUE),
('Leon','Kruger','leon_k','L30n#Key','leon.kruger@hotmail.com','+41-78-3344556',TRUE),
('Mara','Peters','mara_p','M@raSafe','mara.peters@gmail.com','+31-6-87654321',TRUE),
('Noah','Lang','noah_l','No@hPwd','noah.lang@proton.me','+49-175-9988221',TRUE),
('Olivia','Schmitt','olisch','Ol!via1','olivia.schmitt@icloud.com','+49-163-4455667',TRUE),
('Paul','Koch','paulko','P@ulPwd','paul.koch@gmail.com','+49-157-7788990',TRUE),
('Quinn','Seidel','qseid','Q!nnKey','quinn.seidel@outlook.com','+49-170-2233445',TRUE),
('Rosa','Hartmann','rosah','R0sa#Pw','rosa.hartmann@yahoo.com','+34-612-334455',TRUE),
('Simon','Bauer','simonb','S!monPwd','simon.bauer@gmail.com','+49-172-9988776',TRUE),
('Tina','Lorenz','tinal','T!naKey','tina.lorenz@aol.com','+49-155-6677889',TRUE),
('Ulf','Johansson','ulf_j','Ulf#Pwd','ulf.johansson@gmail.com','+46-72-1122334',TRUE),
('Vera','Madsen','veram','V3raSafe','vera.madsen@outlook.com','+45-28-556677',TRUE),
('Will','Carter','willc','W!ll2024','will.carter@gmail.com','+1-212-555-0199',TRUE),
('Xena','Papadopoulos','xenap','X3na#Pw','xena.p@icloud.com','+30-694-5566778',TRUE),
('Yara','Hassan','yara_h','Y@raPwd','yara.hassan@yahoo.com','+20-100-2233445',TRUE),
('Zane','Miller','z_mill','Z@neKey','zane.miller@gmail.com','+1-646-555-0177',TRUE),
('Amir','Rahman','amir_r','Am!rPw','amir.rahman@proton.me','+971-50-3344556',TRUE),
('Bianca','Rossi','birossi','B!ancaPw','bianca.rossi@hotmail.com','+39-347-5566778',TRUE),
('Carlos','Navarro','cnav','C@rlos1','carlos.navarro@gmail.com','+34-622-998877',TRUE),
('Daria','Kowalska','dkow','D@riaPw','daria.kowalska@outlook.com','+48-608-112233',TRUE),
('Ethan','Brooks','ebrooks','Eth@nPwd','ethan.brooks@gmail.com','+1-303-555-0144',TRUE),
('Farah','Al-Sayed','farahs','F@rahKey','farah.alsayed@yahoo.com','+966-55-6677889',TRUE),
('Giulia','Bianchi','giub','G!uliaPw','giulia.bianchi@icloud.com','+39-320-9988776',TRUE),
('Hugo','Martinez','hugom','Hugo#1','hugo.martinez@gmail.com','+34-611-445566',TRUE),
('Ines','Dupont','inesd','In3sPwd','ines.dupont@hotmail.com','+33-6-22334455',TRUE),
('Jakob','Lind','jlind','J@kobKey','jakob.lind@gmail.com','+47-412-334455',TRUE),
('Keiko','Tanaka','ktanaka','K3ikoPwd','keiko.tanaka@yahoo.co.jp','+81-90-11223344',TRUE),
('Liam','OConnor','liamoc','L!amPwd','liam.oconnor@outlook.ie','+353-85-6677889',TRUE),
('Mila','Novak','mnovak','M!la2024','mila.novak@gmail.com','+420-777-445566',TRUE),
('Nico','Steiner','nsteiner','N!coPwd','nico.steiner@gmail.com','+49-159-3344556',TRUE),
('Anna','Schneider','aschneider','An!na01','anna.schneider@earthbnb.com','+49-151-7002001',TRUE),
('Lukas','Weber','lweber','Luk@s02','lukas.weber@earthbnb.com','+49-160-7002002',TRUE),
('Mia','Fischer','mfischer','Mi@03Pwd','mia.fischer@earthbnb.com','+49-171-7002003',TRUE),
('Jonas','Müller','jmueller','Jon@s04','jonas.mueller@earthbnb.com','+49-172-7002004',TRUE),
('Sophie','Keller','skeller','Soph!e05','sophie.keller@earthbnb.com','+49-176-7002005',TRUE),
('Paul','Becker','pbecker','Pa!ul06','paul.becker@earthbnb.com','+49-151-7002006',TRUE),
('Laura','Koch','lkoch','Lau#07Pw','laura.koch@earthbnb.com','+49-160-7002007',TRUE),
('Tobias','Wagner','twagner','Tob!08Pw','tobias.wagner@earthbnb.com','+49-171-7002008',TRUE),
('Hannah','Schmitt','hschmitt','Han!09Pw','hannah.schmitt@earthbnb.com','+49-172-7002009',TRUE),
('Felix','Braun','fbraun','Fel#10Pw','felix.braun@earthbnb.com','+49-176-7002010',TRUE),
('Leonie','Gruber','lgruber','Leo!11Pw','leonie.gruber@earthbnb.com','+43-664-7002011',TRUE),
('Matthias','Huber','mhuber2','Matt#12','matthias.huber@earthbnb.com','+43-650-7002012',TRUE),
('Nina','Baumann','nbaumann','Nin@13Pw','nina.baumann@earthbnb.com','+41-79-7002013',TRUE),
('David','Keller','dkeller','Dav!d14','david.keller@earthbnb.com','+41-78-7002014',TRUE),
('Eva','deVries','edevries','Ev@15Pwd','eva.devries@earthbnb.com','+31-6-7002015',TRUE),
('Thomas','Jansen','tjansen','Th0mas16','thomas.jansen@earthbnb.com','+31-6-7002016',TRUE),
('Linnea','Andersson','landersson','Lin#17Pw','linnea.andersson@earthbnb.com','+46-70-7002017',TRUE),
('Erik','Larsson','elarsson','Er!k18Pw','erik.larsson@earthbnb.com','+46-72-7002018',TRUE),
('Marius','Hansen','mhansen','Mar!us19','marius.hansen@earthbnb.com','+47-412-7002019',TRUE),
('Ingrid','Solberg','isolberg','Ingr!d20','ingrid.solberg@earthbnb.com','+47-415-7002020',TRUE),
('Claire','Dubois','cdubois','Cla!re21','claire.dubois@earthbnb.com','+33-6-7002021',TRUE),
('Julien','Moreau','jmoreau','Jul!en22','julien.moreau@earthbnb.com','+33-6-7002022',TRUE),
('Lucia','Garcia','lgarcia','Luc!a23','lucia.garcia@earthbnb.com','+34-611-7002023',TRUE),
('Carlos','Martinez','cmartinez2','Carl#24','carlos.martinez@earthbnb.com','+34-622-7002024',TRUE),
('Marco','Rossi','mrossi2','Mar#25Pw','marco.rossi@earthbnb.com','+39-347-7002025',TRUE),
('Giulia','Conti','gconti','Giu!26Pw','giulia.conti@earthbnb.com','+39-320-7002026',TRUE),
('Emily','Carter','ecarter','Em!ly27','emily.carter@earthbnb.com','+1-617-7002027',TRUE),
('Ryan','Miller','rmiller2','Ry@n28Pw','ryan.miller@earthbnb.com','+1-617-7002028',TRUE),
('Sarah','Johnson','sjohnson','Sar!h29','sarah.johnson@earthbnb.com','+1-604-7002029',TRUE),
('Daniel','Lee','dlee','Dan!el30','daniel.lee@earthbnb.com','+1-604-7002030',TRUE),
('Oliver','Hughes','ohughes','Oliv#31','oliver.hughes@earthbnb.com','+44-7700-7002031',TRUE),
('Amelia','Taylor','ataylor','Amel!32','amelia.taylor@earthbnb.com','+44-7700-7002032',TRUE),
('Sean','Murphy','smurphy','Se@n33Pw','sean.murphy@earthbnb.com','+353-85-7002033',TRUE),
('Aoife','Byrne','abyrne','Ao!fe34','aoife.byrne@earthbnb.com','+353-86-7002034',TRUE),
('Yuki','Sato','ysato','YuK!35Pw','yuki.sato@earthbnb.com','+81-90-7002035',TRUE),
('Haruto','Tanaka','htanaka','Har#36Pw','haruto.tanaka@earthbnb.com','+81-90-7002036',TRUE),
('Miguel','Silva','msilva2','Mig!el37','miguel.silva@earthbnb.com','+351-91-7002037',TRUE),
('Ines','Costa','icosta','In3s38Pw','ines.costa@earthbnb.com','+351-92-7002038',TRUE),
('Sophie','Peeters','speeters','Soph!39','sophie.peeters@earthbnb.com','+32-470-7002039',TRUE),
('Lucas','Vermeulen','lvermeulen','Luc@s40','lucas.vermeulen@earthbnb.com','+32-472-7002040',TRUE),
('Maja','Nowak','maja_n','M@jaNew41','maja.nowak@gmail.com','+48-601-778899',FALSE),
('Tom','Wallace','tomwall','T0mPending42','tom.wallace@hotmail.com','+44-7700-778899',FALSE),
('Marlene','Vogel','mvogel83','Marl3ne!83','marlene.vogel@gmail.com','+49-160-7712083',TRUE),
('Theresa','Bauer','tbauer84','Ther3sa!84','theresa.bauer@outlook.com','+43-660-7712084',TRUE),
('Sandro','Meier','smeier85','Sandro!85','sandro.meier@proton.me','+41-76-7712085',TRUE),
('Lotte','Visser','lvisser86','Lotte!86','lotte.visser@gmail.com','+31-6-7712086',TRUE),
('Freja','Nilsson','fnilsson87','Freja!87','freja.nilsson@icloud.com','+46-73-7712087',TRUE),
('Mason','Reed','mreed88','Mas0n!88','mason.reed@hotmail.com','+1-415-555-0288',TRUE),
('Katrin','Lehmann','klehmann89','Katr!n89','katrin.lehmann@yahoo.com','+49-171-7712089',TRUE),
('Emil','Christensen','echristensen90','Emil!90','emil.christensen@gmail.com','+45-28-771290',TRUE),
('Nikos','Anagnostou','nanagnostou91','Nik0s!91','nikos.anagnostou@outlook.com','+30-694-7712091',TRUE),
('Madison','Brooks','mbrooks92','Mad!son92','madison.brooks@gmail.com','+1-646-555-0292',TRUE),
('Diego','Santos','dsantos93','Dieg0!93','diego.santos@hotmail.com','+34-633-7712093',TRUE),
('Kasia','Zielinska','kzielinska94','Kas!a94','kasia.zielinska@gmail.com','+48-602-7712094',TRUE);

INSERT INTO employees (user_id, home_address, workplace_id, job_title) VALUES
(41, 1, 1, 'Customer Support Agent'),
(42, 40, 1, 'Operations Coordinator'),
(43, 6, 2, 'Customer Support Agent'),
(44, 19, 2, 'Host Verification Specialist'),
(45, 10, 3, 'Trust and Safety Agent'),
(46, 20, 3, 'Booking Support Agent'),
(47, 17, 4, 'Finance Assistant'),
(48, 14, 4, 'Billing Specialist'),
(49, 15, 5, 'Technical Support Agent'),
(50, 15, 5, 'Platform Administrator'),
(51, 81, 6, 'Host Relations Agent'),
(52, 81, 6, 'Booking Support Agent'),
(53, 12, 7, 'Legal Assistant'),
(54, 12, 7, 'Compliance Specialist'),
(55, 82, 8, 'Sales Coordinator'),
(56, 82, 8, 'Partner Relations Agent'),
(57, 83, 9, 'Nordic Support Agent'),
(58, 83, 9, 'Host Onboarding Specialist'),
(59, 36, 10, 'Compliance Assistant'),
(60, 36, 10, 'Dispute Resolution Agent'),
(61, 84, 11, 'French Support Agent'),
(62, 84, 11, 'Customer Support Agent'),
(63, 85, 12, 'Iberia Support Agent'),
(64, 85, 12, 'Booking Verification Agent'),
(65, 28, 13, 'Italian Support Agent'),
(66, 28, 13, 'Host Relations Agent'),
(67, 86, 14, 'North America Support Agent'),
(68, 86, 14, 'Payment Review Specialist'),
(69, 87, 15, 'Canada Support Agent'),
(70, 87, 15, 'Guest Relations Agent'),
(71, 88, 16, 'UK Support Agent'),
(72, 88, 16, 'Trust and Safety Agent'),
(73, 89, 17, 'Ireland Support Agent'),
(74, 89, 17, 'Refund Review Agent'),
(75, 90, 18, 'Japan Support Agent'),
(76, 90, 18, 'Asia-Pacific Coordinator'),
(77, 91, 19, 'Portugal Support Agent'),
(78, 91, 19, 'Host Onboarding Agent'),
(79, 92, 20, 'Benelux Support Agent'),
(80, 92, 20, 'Regional Office Coordinator');

INSERT INTO pictures (accomm_id, format, width, height, file_location) VALUES
(NULL, 'jpg', 800, 800, '/uploads/profile_pictures/user_001_alice_meyer.jpg'),
(NULL, 'jpg', 800, 800, '/uploads/profile_pictures/user_002_ben_schulz.jpg'),
(NULL, 'png', 1000, 1000, '/uploads/profile_pictures/user_003_clara_weber.png'),
(NULL, 'jpg', 800, 800, '/uploads/profile_pictures/user_004_david_fischer.jpg'),
(NULL, 'webp', 900, 900, '/uploads/profile_pictures/user_005_emma_klein.webp'),
(NULL, 'jpg', 800, 800, '/uploads/profile_pictures/user_006_felix_wagner.jpg'),
(NULL, 'png', 1000, 1000, '/uploads/profile_pictures/user_007_greta_becker.png'),
(NULL, 'jpg', 800, 800, '/uploads/profile_pictures/user_008_henry_hoffmann.jpg'),
(NULL, 'jpg', 800, 800, '/uploads/profile_pictures/user_009_isabel_neumann.jpg'),
(NULL, 'webp', 900, 900, '/uploads/profile_pictures/user_010_jonas_richter.webp'),
(NULL, 'jpg', 800, 800, '/uploads/profile_pictures/user_011_klara_braun.jpg'),
(NULL, 'png', 1000, 1000, '/uploads/profile_pictures/user_012_leon_kruger.png'),
(NULL, 'jpg', 800, 800, '/uploads/profile_pictures/user_013_mara_peters.jpg'),
(NULL, 'jpg', 800, 800, '/uploads/profile_pictures/user_014_noah_lang.jpg'),
(NULL, 'webp', 900, 900, '/uploads/profile_pictures/user_015_olivia_schmitt.webp'),
(NULL, 'jpg', 800, 800, '/uploads/profile_pictures/user_016_paul_koch.jpg'),
(NULL, 'png', 1000, 1000, '/uploads/profile_pictures/user_017_quinn_seidel.png'),
(NULL, 'jpg', 800, 800, '/uploads/profile_pictures/user_018_rosa_hartmann.jpg'),
(NULL, 'jpg', 800, 800, '/uploads/profile_pictures/user_019_simon_bauer.jpg'),
(NULL, 'webp', 900, 900, '/uploads/profile_pictures/user_020_tina_lorenz.webp'),
(NULL, 'jpg', 800, 800, '/uploads/profile_pictures/user_021_ulf_johansson.jpg'),
(NULL, 'png', 1000, 1000, '/uploads/profile_pictures/user_022_vera_madsen.png'),
(NULL, 'jpg', 800, 800, '/uploads/profile_pictures/user_023_will_carter.jpg'),
(NULL, 'jpg', 800, 800, '/uploads/profile_pictures/user_024_xena_papadopoulos.jpg'),
(NULL, 'webp', 900, 900, '/uploads/profile_pictures/user_025_yara_hassan.webp'),
(NULL, 'jpg', 800, 800, '/uploads/profile_pictures/user_026_zane_miller.jpg'),
(NULL, 'png', 1000, 1000, '/uploads/profile_pictures/user_027_amir_rahman.png'),
(NULL, 'jpg', 800, 800, '/uploads/profile_pictures/user_028_bianca_rossi.jpg'),
(NULL, 'jpg', 800, 800, '/uploads/profile_pictures/user_029_carlos_navarro.jpg'),
(NULL, 'webp', 900, 900, '/uploads/profile_pictures/user_030_daria_kowalska.webp'),
(NULL, 'jpg', 800, 800, '/uploads/profile_pictures/user_031_ethan_brooks.jpg'),
(NULL, 'jpg', 800, 800, '/uploads/profile_pictures/user_032_farah_al_sayed.jpg'),
(NULL, 'webp', 900, 900, '/uploads/profile_pictures/user_033_giulia_bianchi.webp'),
(NULL, 'jpg', 800, 800, '/uploads/profile_pictures/user_034_hugo_martinez.jpg'),
(NULL, 'png', 1000, 1000, '/uploads/profile_pictures/user_035_ines_dupont.png'),
(NULL, 'jpg', 800, 800, '/uploads/profile_pictures/user_036_jakob_lind.jpg'),
(NULL, 'webp', 900, 900, '/uploads/profile_pictures/user_037_keiko_tanaka.webp'),
(NULL, 'jpg', 800, 800, '/uploads/profile_pictures/user_038_liam_oconnor.jpg'),
(NULL, 'png', 1000, 1000, '/uploads/profile_pictures/user_039_mila_novak.png'),
(NULL, 'jpg', 800, 800, '/uploads/profile_pictures/user_040_nico_steiner.jpg'),
(NULL, 'jpg', 800, 800, '/uploads/profile_pictures/user_041_anna_schneider.jpg'),
(NULL, 'jpg', 800, 800, '/uploads/profile_pictures/user_042_lukas_weber.jpg'),
(NULL, 'png', 1000, 1000, '/uploads/profile_pictures/user_043_mia_fischer.png'),
(NULL, 'jpg', 800, 800, '/uploads/profile_pictures/user_044_jonas_mueller.jpg'),
(NULL, 'webp', 900, 900, '/uploads/profile_pictures/user_045_sophie_keller.webp'),
(NULL, 'jpg', 800, 800, '/uploads/profile_pictures/user_046_paul_becker.jpg'),
(NULL, 'jpg', 800, 800, '/uploads/profile_pictures/user_047_laura_koch.jpg'),
(NULL, 'png', 1000, 1000, '/uploads/profile_pictures/user_048_tobias_wagner.png'),
(NULL, 'jpg', 800, 800, '/uploads/profile_pictures/user_049_hannah_schmitt.jpg'),
(NULL, 'webp', 900, 900, '/uploads/profile_pictures/user_050_felix_braun.webp'),
(NULL, 'jpg', 800, 800, '/uploads/profile_pictures/user_083_marlene_vogel.jpg'),
(NULL, 'jpg', 800, 800, '/uploads/profile_pictures/user_084_theresa_bauer.jpg'),
(NULL, 'webp', 900, 900, '/uploads/profile_pictures/user_085_sandro_meier.webp'),
(NULL, 'jpg', 800, 800, '/uploads/profile_pictures/user_086_lotte_visser.jpg'),
(NULL, 'png', 1000, 1000, '/uploads/profile_pictures/user_087_freja_nilsson.png'),
(NULL, 'jpg', 800, 800, '/uploads/profile_pictures/user_088_mason_reed.jpg'),
(NULL, 'jpg', 800, 800, '/uploads/profile_pictures/user_089_katrin_lehmann.jpg'),
(NULL, 'webp', 900, 900, '/uploads/profile_pictures/user_090_emil_christensen.webp'),
(NULL, 'jpg', 800, 800, '/uploads/profile_pictures/user_091_nikos_anagnostou.jpg'),
(NULL, 'png', 1000, 1000, '/uploads/profile_pictures/user_092_madison_brooks.png'),
(NULL, 'jpg', 800, 800, '/uploads/profile_pictures/user_093_diego_santos.jpg'),
(NULL, 'webp', 900, 900, '/uploads/profile_pictures/user_094_kasia_zielinska.webp');

INSERT INTO guests (user_id, profile_picture) VALUES
(1, 1),
(2, 2),
(3, 3),
(4, 4),
(5, 5),
(6, 6),
(7, 7),
(8, 8),
(9, 9),
(10, 10),
(11, 11),
(12, 12),
(13, 13),
(14, 14),
(15, 15),
(16, 16),
(17, 17),
(18, 18),
(19, 19),
(20, 20),
(21, 21),
(22, 22),
(23, 23),
(24, 24),
(25, 25),
(26, 26),
(27, 27),
(28, 28),
(29, 29),
(30, 30);

INSERT INTO hosts (user_id, address_id, profile_picture) VALUES
(11, 11, 11),
(12, 12, 12),
(13, 13, 13),
(14, 14, 14),
(15, 15, 15),
(16, 16, 16),
(17, 17, 17),
(18, 18, 18),
(19, 19, 19),
(20, 20, 20),
(21, 21, 21),
(22, 21, 22),
(23, 23, 23),
(24, 23, 24),
(25, 25, 25),
(27, 27, 27),
(31, 31, 31),
(32, 32, 32),
(33, 33, 33),
(34, 34, 34),
(35, 35, 35),
(36, 36, 36),
(37, 37, 37),
(38, 38, 38),
(39, 39, 39),
(40, 40, 40),
(41, 1, 41),
(42, 40, 42),
(43, 6, 43),
(44, 19, 44),
(45, 10, 45),
(46, 20, 46),
(47, 17, 47),
(48, 14, 48),
(49, 15, 49),
(50, 15, 50),
(83, 2, 51),
(84, 3, 52),
(85, 4, 53),
(86, 5, 54),
(87, 7, 55),
(88, 8, 56),
(89, 9, 57),
(90, 22, 58),
(91, 24, 59),
(92, 26, 60),
(93, 29, 61),
(94, 30, 62);

INSERT INTO social_media_connections (user_id, platform, account_name, details) VALUES
(1, 'Instagram', 'alice.travels', 'OAuth connected, profile synced'),
(2, 'Google', 'ben.schulz@gmail.com', 'Single Sign-On enabled'),
(3, 'Instagram', 'clara.citylife', 'OAuth connected'),
(3, 'TikTok', 'claragoesplaces', 'Short video profile linked'),
(5, 'Google', 'emma.klein@gmail.com', 'Single Sign-On enabled'),
(6, 'Facebook', 'Felix Wagner', 'Connected for login'),
(7, 'Instagram', 'greta_nordic', 'OAuth connected'),
(8, 'Google', 'henry.hoffmann@gmail.com', 'Single Sign-On enabled'),
(8, 'Facebook', 'Henry Hoffmann', 'Login via Facebook'),
(10, 'TikTok', 'jonas.moves', 'Connected social profile'),
(11, 'Google', 'klara.braun@yahoo.com', 'Single Sign-On enabled'),
(11, 'Instagram', 'klara.escape', 'Photos synced'),
(13, 'Facebook', 'Mara Peters', 'Connected for login'),
(14, 'Google', 'noah.lang@proton.me', 'Single Sign-On enabled'),
(15, 'Instagram', 'olivia_citystays', 'OAuth connected'),
(17, 'Google', 'quinn.seidel@outlook.com', 'Single Sign-On enabled'),
(18, 'Instagram', 'rosa.suntrip', 'Photos synced'),
(20, 'Facebook', 'Tina Lorenz', 'Connected for login'),
(21, 'Instagram', 'ulf_scandi', 'OAuth connected'),
(23, 'Google', 'will.carter@gmail.com', 'Single Sign-On enabled'),
(23, 'Instagram', 'willnycstay', 'Travel profile linked'),
(24, 'LinkedIn', 'Xena Papadopoulos', 'Identity verified'),
(25, 'Facebook', 'Yara Hassan', 'Connected for login'),
(27, 'Instagram', 'amir.uae', 'OAuth connected'),
(28, 'Facebook', 'Bianca Rossi', 'Connected for login'),
(29, 'Google', 'carlos.navarro@gmail.com', 'Single Sign-On enabled'),
(30, 'TikTok', 'daria.citybreaks', 'Connected short video profile');

INSERT INTO features (name, category) VALUES
('WiFi', 'Work-friendly'),
('Dedicated Workspace', 'Work-friendly'),
('Self Check-in', 'Convenience'),
('Kitchen', 'Appliances'),
('Washer', 'Appliances'),
('Dryer', 'Appliances'),
('Dishwasher', 'Appliances'),
('Air Conditioning', 'Comfort'),
('Heating', 'Comfort'),
('Fireplace', 'Comfort'),
('Balcony', 'Outdoor'),
('Garden', 'Outdoor'),
('Terrace', 'Outdoor'),
('Pool', 'Luxury'),
('Hot Tub', 'Luxury'),
('Sauna', 'Luxury'),
('Gym Access', 'Luxury'),
('Parking', 'Convenience'),
('EV Charger', 'Convenience'),
('Pet Friendly', 'Family'),
('Crib', 'Family'),
('High Chair', 'Family'),
('Smoke Alarm', 'Safety'),
('Carbon Monoxide Alarm', 'Safety'),
('First Aid Kit', 'Safety'),
('Fire Extinguisher', 'Safety'),
('Wheelchair Accessible', 'Accessibility'),
('Step-free Entrance', 'Accessibility'),
('Elevator', 'Accessibility'),
('Smart TV', 'Entertainment');

INSERT INTO accommodations (host_id, address_id, title, description, maximum_guests, bedrooms, bathrooms, check_in_time, check_out_time, square_footage, visible) VALUES
(40, 41, 'Alpine Mountain Cabin', 'Cozy cabin near Garmisch-Partenkirchen with mountain views, wood interiors, and easy access to hiking trails.', 4, 2, 1, '15:00:00', '10:00:00', 72, TRUE),
(43, 42, 'Hamburg City Loft', 'Modern loft close to Hamburg nightlife and harbour attractions, ideal for short city stays.', 2, 1, 1, '16:00:00', '11:00:00', 55, TRUE),
(14, 43, 'Quiet Berlin Garden Studio', 'Compact garden studio in a calm Berlin neighborhood with a private patio and bright workspace.', 2, 1, 1, '15:00:00', '10:00:00', 38, TRUE),
(11, 44, 'Historic Salzburg Guest Flat', 'Charming flat in central Salzburg with historic details and quick access to the old town.', 3, 1, 1, '14:00:00', '10:00:00', 48, TRUE),
(12, 45, 'Lucerne Lakefront Apartment', 'Bright apartment near the lake with scenic views, a dining area, and comfortable space for families.', 5, 2, 1, '15:00:00', '11:00:00', 82, TRUE),
(13, 46, 'Amsterdam Canal House Suite', 'Stylish suite in a classic canal house with water views and easy access to museums and cafés.', 2, 1, 1, '15:00:00', '10:00:00', 46, TRUE),
(21, 47, 'Stockholm Old Town Room', 'Comfortable room in the heart of Stockholm old town, perfect for solo travelers or couples.', 2, 1, 1, '16:00:00', '10:00:00', 30, TRUE),
(35, 48, 'Central Paris Flat', 'Elegant central Paris flat near major sights, with a full kitchen and cozy living area.', 4, 2, 1, '15:00:00', '11:00:00', 65, TRUE),
(18, 49, 'Barcelona Gothic Quarter Stay', 'Characterful apartment in the Gothic Quarter with balcony access and walkable city highlights.', 3, 1, 1, '15:00:00', '10:00:00', 44, TRUE),
(33, 50, 'Roman Holiday Apartment', 'Warm and traditional Rome apartment with rooftop access and classic city atmosphere.', 4, 2, 1, '14:00:00', '10:00:00', 70, TRUE),
(24, 51, 'Athens Acropolis View Studio', 'Small studio with a beautiful view toward the Acropolis, suited for short cultural trips.', 2, 1, 1, '15:00:00', '11:00:00', 34, TRUE),
(31, 52, 'Miami Beachfront Condo', 'Sunny beachfront condo with balcony, pool access, and a relaxed coastal atmosphere.', 4, 2, 2, '16:00:00', '11:00:00', 88, TRUE),
(23, 53, 'Toronto Downtown Rental', 'Convenient downtown apartment with skyline views and quick access to transit and restaurants.', 3, 1, 1, '15:00:00', '10:00:00', 52, TRUE),
(23, 54, 'Sydney Harbour Apartment', 'Spacious harbour apartment with balcony views, modern kitchen, and bright living area.', 5, 2, 2, '15:00:00', '10:00:00', 95, TRUE),
(38, 55, 'Classic London Flat', 'Traditional London flat near Baker Street with classic details and modern amenities.', 4, 2, 1, '16:00:00', '11:00:00', 68, TRUE),
(38, 56, 'Dublin City Room', 'Simple and welcoming city room near central Dublin, ideal for weekend stays.', 2, 1, 1, '15:00:00', '10:00:00', 28, TRUE),
(37, 57, 'Harajuku Micro Flat', 'Efficient Tokyo micro flat near Harajuku, designed for compact but comfortable city travel.', 2, 1, 1, '16:00:00', '10:00:00', 24, TRUE),
(27, 58, 'Dubai Beach Apartment', 'Bright beach apartment with balcony, modern interiors, and easy access to the waterfront.', 4, 2, 2, '15:00:00', '11:00:00', 90, TRUE),
(25, 59, 'Lisbon Balcony Flat', 'Sunny Lisbon flat with balcony, tiled details, and walkable access to historic streets.', 3, 1, 1, '15:00:00', '10:00:00', 50, TRUE),
(13, 60, 'Brussels Market Studio', 'Compact Brussels studio near the Grand Place, suitable for short city breaks.', 2, 1, 1, '14:00:00', '10:00:00', 32, FALSE),
(83, 93, 'Minimal Berlin Studio', 'Clean and practical Berlin studio near cafés, nightlife, and public transport.', 2, 1, 1, '15:00:00', '10:00:00', 36, TRUE),
(84, 94, 'Vienna Courtyard Apartment', 'Quiet apartment with courtyard view in a central Vienna neighborhood, ideal for longer city stays.', 3, 1, 1, '15:00:00', '11:00:00', 49, TRUE),
(85, 95, 'Zurich Riverside Room', 'Comfortable private room close to the Limmat, suited for business travelers and weekend visits.', 2, 1, 1, '16:00:00', '10:00:00', 32, TRUE),
(86, 96, 'Amsterdam Artist Flat', 'Bright and characterful flat in Amsterdam with creative decor and canal-area charm.', 2, 1, 1, '15:00:00', '10:00:00', 43, TRUE),
(87, 97, 'Stockholm Harbour Studio', 'Compact harbour-side studio in Stockholm with easy access to old town and ferry routes.', 2, 1, 1, '16:00:00', '11:00:00', 35, TRUE),
(88, 98, 'San Francisco Hilltop Room', 'Private room in San Francisco with city views and quick access to central neighborhoods.', 2, 1, 1, '15:00:00', '10:00:00', 40, TRUE),
(89, 99, 'Nuremberg Old Town Flat', 'Traditional old town flat with warm interiors and walking-distance access to historic sights.', 3, 1, 1, '14:00:00', '10:00:00', 46, TRUE),
(90, 100, 'Copenhagen Cozy Flat', 'Comfortable Copenhagen apartment with simple Scandinavian style and a relaxed neighborhood feel.', 2, 1, 1, '15:00:00', '11:00:00', 42, TRUE),
(91, 101, 'Athens Plaka Apartment', 'Sunny apartment in Plaka with classic city atmosphere and quick access to historic landmarks.', 3, 1, 1, '15:00:00', '10:00:00', 45, TRUE),
(92, 102, 'Brooklyn Brownstone Room', 'Welcoming room in a Brooklyn brownstone, close to local cafés, parks, and subway connections.', 2, 1, 1, '16:00:00', '11:00:00', 38, TRUE),
(93, 103, 'Madrid Sunny Apartment', 'Bright Madrid apartment with warm decor, central access, and space for a small group.', 4, 2, 1, '15:00:00', '10:00:00', 62, TRUE),
(94, 104, 'Warsaw City Studio', 'Modern Warsaw studio near restaurants, shops, and cultural sights, ideal for short stays.', 2, 1, 1, '14:00:00', '10:00:00', 34, TRUE);

INSERT INTO pictures (accomm_id, format, width, height, file_location) VALUES
(1, 'jpg', 1920, 1080, '/uploads/accommodations/accomm_001/mountain_cabin_exterior.jpg'),
(1, 'jpg', 1920, 1080, '/uploads/accommodations/accomm_001/mountain_cabin_living_room.jpg'),
(1, 'webp', 1600, 1200, '/uploads/accommodations/accomm_001/mountain_cabin_bedroom.webp'),
(1, 'jpg', 1920, 1080, '/uploads/accommodations/accomm_001/mountain_cabin_balcony_view.jpg'),
(2, 'jpg', 1920, 1080, '/uploads/accommodations/accomm_002/city_loft_main_room.jpg'),
(2, 'png', 1600, 1200, '/uploads/accommodations/accomm_002/city_loft_kitchen.png'),
(2, 'jpg', 1920, 1080, '/uploads/accommodations/accomm_002/city_loft_bedroom.jpg'),
(3, 'jpg', 1920, 1080, '/uploads/accommodations/accomm_003/garden_studio_front.jpg'),
(3, 'webp', 1600, 1200, '/uploads/accommodations/accomm_003/garden_studio_sleeping_area.webp'),
(3, 'jpg', 1920, 1080, '/uploads/accommodations/accomm_003/garden_studio_patio.jpg'),
(3, 'jpg', 1600, 1200, '/uploads/accommodations/accomm_003/garden_studio_bathroom.jpg'),
(4, 'jpg', 1920, 1080, '/uploads/accommodations/accomm_004/salzburg_flat_exterior.jpg'),
(4, 'jpg', 1920, 1080, '/uploads/accommodations/accomm_004/salzburg_flat_living_room.jpg'),
(4, 'webp', 1600, 1200, '/uploads/accommodations/accomm_004/salzburg_flat_street_view.webp'),
(5, 'jpg', 1920, 1080, '/uploads/accommodations/accomm_005/lucerne_lakefront_window_view.jpg'),
(5, 'jpg', 1920, 1080, '/uploads/accommodations/accomm_005/lucerne_lakefront_bedroom.jpg'),
(5, 'png', 1600, 1200, '/uploads/accommodations/accomm_005/lucerne_lakefront_kitchen.png'),
(5, 'jpg', 1920, 1080, '/uploads/accommodations/accomm_005/lucerne_lakefront_dining_area.jpg'),
(6, 'jpg', 1920, 1080, '/uploads/accommodations/accomm_006/amsterdam_canal_house_front.jpg'),
(6, 'webp', 1600, 1200, '/uploads/accommodations/accomm_006/amsterdam_canal_suite_bedroom.webp'),
(6, 'jpg', 1920, 1080, '/uploads/accommodations/accomm_006/amsterdam_canal_view.jpg'),
(7, 'jpg', 1920, 1080, '/uploads/accommodations/accomm_007/stockholm_old_town_room.jpg'),
(7, 'jpg', 1600, 1200, '/uploads/accommodations/accomm_007/stockholm_old_town_bed.jpg'),
(7, 'webp', 1600, 1200, '/uploads/accommodations/accomm_007/stockholm_old_town_window.webp'),
(8, 'jpg', 1920, 1080, '/uploads/accommodations/accomm_008/paris_central_flat_living_room.jpg'),
(8, 'jpg', 1920, 1080, '/uploads/accommodations/accomm_008/paris_central_flat_bedroom.jpg'),
(8, 'png', 1600, 1200, '/uploads/accommodations/accomm_008/paris_central_flat_kitchen.png'),
(8, 'jpg', 1920, 1080, '/uploads/accommodations/accomm_008/paris_central_flat_street_view.jpg'),
(9, 'jpg', 1920, 1080, '/uploads/accommodations/accomm_009/barcelona_gothic_room_main.jpg'),
(9, 'webp', 1600, 1200, '/uploads/accommodations/accomm_009/barcelona_gothic_balcony.webp'),
(9, 'jpg', 1600, 1200, '/uploads/accommodations/accomm_009/barcelona_gothic_bathroom.jpg'),
(10, 'jpg', 1920, 1080, '/uploads/accommodations/accomm_010/rome_apartment_living_room.jpg'),
(10, 'jpg', 1920, 1080, '/uploads/accommodations/accomm_010/rome_apartment_bedroom.jpg'),
(10, 'webp', 1600, 1200, '/uploads/accommodations/accomm_010/rome_apartment_rooftop_view.webp'),
(10, 'jpg', 1600, 1200, '/uploads/accommodations/accomm_010/rome_apartment_kitchen.jpg'),
(11, 'jpg', 1920, 1080, '/uploads/accommodations/accomm_011/athens_acropolis_studio_view.jpg'),
(11, 'jpg', 1600, 1200, '/uploads/accommodations/accomm_011/athens_acropolis_studio_bed.jpg'),
(11, 'png', 1600, 1200, '/uploads/accommodations/accomm_011/athens_acropolis_studio_kitchen.png'),
(12, 'jpg', 1920, 1080, '/uploads/accommodations/accomm_012/miami_beachfront_condo_balcony.jpg'),
(12, 'webp', 1600, 1200, '/uploads/accommodations/accomm_012/miami_beachfront_condo_living_room.webp'),
(12, 'jpg', 1920, 1080, '/uploads/accommodations/accomm_012/miami_beachfront_condo_bedroom.jpg'),
(12, 'jpg', 1600, 1200, '/uploads/accommodations/accomm_012/miami_beachfront_condo_pool.jpg'),
(13, 'jpg', 1920, 1080, '/uploads/accommodations/accomm_013/toronto_downtown_rental_living_room.jpg'),
(13, 'jpg', 1600, 1200, '/uploads/accommodations/accomm_013/toronto_downtown_rental_bedroom.jpg'),
(13, 'webp', 1600, 1200, '/uploads/accommodations/accomm_013/toronto_downtown_rental_skyline.webp'),
(14, 'jpg', 1920, 1080, '/uploads/accommodations/accomm_014/sydney_harbour_apartment_view.jpg'),
(14, 'jpg', 1600, 1200, '/uploads/accommodations/accomm_014/sydney_harbour_apartment_lounge.jpg'),
(14, 'png', 1600, 1200, '/uploads/accommodations/accomm_014/sydney_harbour_apartment_kitchen.png'),
(14, 'jpg', 1920, 1080, '/uploads/accommodations/accomm_014/sydney_harbour_apartment_balcony.jpg'),
(15, 'jpg', 1920, 1080, '/uploads/accommodations/accomm_015/london_classic_flat_exterior.jpg'),
(15, 'webp', 1600, 1200, '/uploads/accommodations/accomm_015/london_classic_flat_living_room.webp'),
(15, 'jpg', 1600, 1200, '/uploads/accommodations/accomm_015/london_classic_flat_bedroom.jpg'),
(16, 'jpg', 1920, 1080, '/uploads/accommodations/accomm_016/dublin_city_room_main.jpg'),
(16, 'jpg', 1600, 1200, '/uploads/accommodations/accomm_016/dublin_city_room_bed.jpg'),
(16, 'webp', 1600, 1200, '/uploads/accommodations/accomm_016/dublin_city_room_street.webp'),
(17, 'jpg', 1920, 1080, '/uploads/accommodations/accomm_017/tokyo_harajuku_micro_flat_main.jpg'),
(17, 'jpg', 1600, 1200, '/uploads/accommodations/accomm_017/tokyo_harajuku_micro_flat_bed.jpg'),
(17, 'png', 1600, 1200, '/uploads/accommodations/accomm_017/tokyo_harajuku_micro_flat_bathroom.png'),
(17, 'webp', 1600, 1200, '/uploads/accommodations/accomm_017/tokyo_harajuku_micro_flat_street.webp'),
(18, 'jpg', 1920, 1080, '/uploads/accommodations/accomm_018/dubai_beach_apartment_balcony.jpg'),
(18, 'jpg', 1920, 1080, '/uploads/accommodations/accomm_018/dubai_beach_apartment_living_room.jpg'),
(18, 'webp', 1600, 1200, '/uploads/accommodations/accomm_018/dubai_beach_apartment_bedroom.webp'),
(19, 'jpg', 1920, 1080, '/uploads/accommodations/accomm_019/lisbon_balcony_flat_main.jpg'),
(19, 'jpg', 1600, 1200, '/uploads/accommodations/accomm_019/lisbon_balcony_flat_balcony.jpg'),
(19, 'webp', 1600, 1200, '/uploads/accommodations/accomm_019/lisbon_balcony_flat_kitchen.webp'),
(19, 'jpg', 1920, 1080, '/uploads/accommodations/accomm_019/lisbon_balcony_flat_street_view.jpg'),
(20, 'jpg', 1920, 1080, '/uploads/accommodations/accomm_020/brussels_market_studio_main.jpg'),
(20, 'jpg', 1600, 1200, '/uploads/accommodations/accomm_020/brussels_market_studio_bed.jpg'),
(20, 'webp', 1600, 1200, '/uploads/accommodations/accomm_020/brussels_market_studio_window.webp'),
(21, 'jpg', 1920, 1080, '/uploads/accommodations/accomm_021/berlin_minimal_studio_main.jpg'),
(21, 'webp', 1600, 1200, '/uploads/accommodations/accomm_021/berlin_minimal_studio_sleeping_area.webp'),
(21, 'jpg', 1600, 1200, '/uploads/accommodations/accomm_021/berlin_minimal_studio_kitchen.jpg'),
(22, 'jpg', 1920, 1080, '/uploads/accommodations/accomm_022/vienna_courtyard_living_room.jpg'),
(22, 'jpg', 1600, 1200, '/uploads/accommodations/accomm_022/vienna_courtyard_bedroom.jpg'),
(22, 'webp', 1600, 1200, '/uploads/accommodations/accomm_022/vienna_courtyard_view.webp'),
(23, 'jpg', 1920, 1080, '/uploads/accommodations/accomm_023/zurich_riverside_room_main.jpg'),
(23, 'jpg', 1600, 1200, '/uploads/accommodations/accomm_023/zurich_riverside_workspace.jpg'),
(24, 'jpg', 1920, 1080, '/uploads/accommodations/accomm_024/amsterdam_artist_flat_living_room.jpg'),
(24, 'webp', 1600, 1200, '/uploads/accommodations/accomm_024/amsterdam_artist_flat_bedroom.webp'),
(24, 'jpg', 1600, 1200, '/uploads/accommodations/accomm_024/amsterdam_artist_flat_kitchen.jpg'),
(25, 'jpg', 1920, 1080, '/uploads/accommodations/accomm_025/stockholm_harbour_studio_main.jpg'),
(25, 'jpg', 1600, 1200, '/uploads/accommodations/accomm_025/stockholm_harbour_studio_window.jpg'),
(26, 'jpg', 1920, 1080, '/uploads/accommodations/accomm_026/san_francisco_hilltop_room_view.jpg'),
(26, 'webp', 1600, 1200, '/uploads/accommodations/accomm_026/san_francisco_hilltop_room_bed.webp'),
(26, 'jpg', 1600, 1200, '/uploads/accommodations/accomm_026/san_francisco_hilltop_room_desk.jpg'),
(27, 'jpg', 1920, 1080, '/uploads/accommodations/accomm_027/nuremberg_old_town_flat_main.jpg'),
(27, 'jpg', 1600, 1200, '/uploads/accommodations/accomm_027/nuremberg_old_town_flat_bedroom.jpg'),
(28, 'jpg', 1920, 1080, '/uploads/accommodations/accomm_028/copenhagen_cozy_flat_living_room.jpg'),
(28, 'webp', 1600, 1200, '/uploads/accommodations/accomm_028/copenhagen_cozy_flat_bedroom.webp'),
(29, 'jpg', 1920, 1080, '/uploads/accommodations/accomm_029/athens_plaka_apartment_balcony.jpg'),
(29, 'jpg', 1600, 1200, '/uploads/accommodations/accomm_029/athens_plaka_apartment_bedroom.jpg'),
(29, 'webp', 1600, 1200, '/uploads/accommodations/accomm_029/athens_plaka_apartment_kitchen.webp'),
(30, 'jpg', 1920, 1080, '/uploads/accommodations/accomm_030/brooklyn_brownstone_room_main.jpg'),
(30, 'jpg', 1600, 1200, '/uploads/accommodations/accomm_030/brooklyn_brownstone_room_street.jpg'),
(31, 'jpg', 1920, 1080, '/uploads/accommodations/accomm_031/madrid_sunny_apartment_living_room.jpg'),
(31, 'webp', 1600, 1200, '/uploads/accommodations/accomm_031/madrid_sunny_apartment_bedroom.webp'),
(31, 'jpg', 1600, 1200, '/uploads/accommodations/accomm_031/madrid_sunny_apartment_balcony.jpg'),
(32, 'jpg', 1920, 1080, '/uploads/accommodations/accomm_032/warsaw_city_studio_main.jpg'),
(32, 'jpg', 1600, 1200, '/uploads/accommodations/accomm_032/warsaw_city_studio_sleeping_area.jpg');

INSERT INTO available_features (feature_id, accomm_id, details) VALUES
(1, 1, NULL),
(2, 1, 'Small desk in the bedroom'),
(4, 1, 'Fully equipped kitchen with basic cookware'),
(9, 1, NULL),
(10, 1, 'Indoor fireplace in the living area'),
(12, 1, 'Small private garden area'),
(18, 1, 'Private parking space near the cabin'),
(20, 1, 'Pets allowed with prior notice'),
(1, 2, NULL),
(2, 2, 'Small desk area near the window'),
(3, 2, NULL),
(4, 2, 'Compact kitchen with essentials'),
(30, 2, NULL),
(1, 3, NULL),
(2, 3, 'Dedicated workspace facing the garden'),
(4, 3, 'Small kitchenette with stove and fridge'),
(12, 3, 'Private garden access'),
(23, 3, NULL),
(25, 3, NULL),
(1, 4, NULL),
(4, 4, 'Kitchen with oven and coffee machine'),
(9, 4, NULL),
(11, 4, 'Small balcony facing the street'),
(25, 4, NULL),
(1, 5, NULL),
(4, 5, 'Family-sized kitchen and dining area'),
(5, 5, NULL),
(7, 5, NULL),
(11, 5, 'Balcony with partial lake view'),
(21, 5, 'Travel crib available on request'),
(22, 5, 'High chair available on request'),
(1, 6, NULL),
(3, 6, 'Self check-in with digital entry code'),
(4, 6, 'Kitchenette with basic appliances'),
(7, 6, NULL),
(11, 6, 'Canal-facing balcony access'),
(30, 6, NULL),
(1, 7, NULL),
(23, 7, NULL),
(30, 7, NULL),
(1, 8, NULL),
(2, 8, 'Desk space suitable for laptop work'),
(4, 8, 'Full kitchen with cookware'),
(7, 8, NULL),
(9, 8, NULL),
(29, 8, NULL),
(1, 9, NULL),
(4, 9, 'Kitchen with basic cooking equipment'),
(8, 9, NULL),
(11, 9, 'Small balcony overlooking the street'),
(23, 9, NULL),
(1, 10, NULL),
(4, 10, 'Kitchen with stove and refrigerator'),
(8, 10, NULL),
(13, 10, 'Shared rooftop terrace access'),
(23, 10, NULL),
(30, 10, NULL),
(1, 11, NULL),
(4, 11, 'Small kitchen area'),
(8, 11, NULL),
(11, 11, 'Balcony with city view'),
(23, 11, NULL),
(1, 12, NULL),
(4, 12, 'Kitchen with full-size refrigerator'),
(5, 12, NULL),
(8, 12, NULL),
(11, 12, 'Private balcony facing the beach'),
(14, 12, 'Shared pool access'),
(18, 12, NULL),
(30, 12, NULL),
(1, 13, NULL),
(2, 13, 'Desk near the living room window'),
(4, 13, 'Kitchen with basic appliances'),
(9, 13, NULL),
(29, 13, NULL),
(1, 14, NULL),
(4, 14, 'Modern kitchen with dishwasher'),
(7, 14, NULL),
(8, 14, NULL),
(11, 14, 'Balcony with harbour view'),
(18, 14, 'Parking available nearby'),
(30, 14, NULL),
(1, 15, NULL),
(4, 15, 'Kitchen with oven and kettle'),
(5, 15, NULL),
(9, 15, NULL),
(23, 15, NULL),
(1, 16, NULL),
(3, 16, 'Self check-in with key safe'),
(23, 16, NULL),
(25, 16, NULL),
(1, 17, 'Pocket WiFi provided'),
(4, 17, 'Compact kitchenette'),
(8, 17, NULL),
(29, 17, NULL),
(30, 17, NULL),
(1, 18, NULL),
(4, 18, 'Modern kitchen with essential cookware'),
(8, 18, NULL),
(11, 18, 'Private balcony'),
(14, 18, 'Shared pool access'),
(18, 18, NULL),
(30, 18, NULL),
(1, 19, NULL),
(4, 19, 'Kitchen with basic cookware'),
(11, 19, 'Sunny balcony'),
(23, 19, NULL),
(30, 19, NULL),
(1, 20, NULL),
(3, 20, NULL),
(4, 20, 'Small kitchenette'),
(9, 20, NULL),
(1, 21, NULL),
(2, 21, 'Fold-out desk by the window'),
(3, 21, NULL),
(4, 21, 'Minimal kitchenette'),
(23, 21, NULL),
(1, 22, NULL),
(4, 22, 'Kitchen with coffee machine'),
(9, 22, NULL),
(12, 22, 'Shared courtyard garden'),
(23, 22, NULL),
(25, 22, NULL),
(1, 23, NULL),
(2, 23, 'Workspace suitable for laptop use'),
(9, 23, NULL),
(29, 23, NULL),
(1, 24, NULL),
(2, 24, 'Creative desk area'),
(4, 24, 'Kitchen with full cookware set'),
(7, 24, NULL),
(23, 24, NULL),
(30, 24, NULL),
(1, 25, NULL),
(3, 25, NULL),
(9, 25, NULL),
(11, 25, 'Harbour-facing window balcony'),
(1, 26, NULL),
(2, 26, 'Desk with city view'),
(8, 26, NULL),
(23, 26, NULL),
(30, 26, NULL),
(1, 27, NULL),
(4, 27, 'Kitchen with stove and fridge'),
(9, 27, NULL),
(23, 27, NULL),
(25, 27, NULL),
(1, 28, NULL),
(4, 28, 'Kitchen with basic cooking equipment'),
(5, 28, NULL),
(9, 28, NULL),
(20, 28, 'Pets allowed with prior notice'),
(30, 28, NULL),
(1, 29, NULL),
(4, 29, 'Kitchen with essential appliances'),
(8, 29, NULL),
(11, 29, 'Balcony facing the street'),
(23, 29, NULL),
(1, 30, NULL),
(2, 30, 'Small desk in the room'),
(23, 30, NULL),
(25, 30, NULL),
(1, 31, NULL),
(4, 31, 'Kitchen with oven and cookware'),
(8, 31, NULL),
(11, 31, 'Sunny balcony'),
(21, 31, 'Travel crib available on request'),
(30, 31, NULL),
(1, 32, NULL),
(2, 32, 'Compact desk space'),
(4, 32, 'Small kitchenette'),
(9, 32, NULL),
(23, 32, NULL);

INSERT INTO pricing_information (accomm_id, valid_from, valid_until, pricing_type, base_price_per_stay, base_price_per_night, price_per_person_per_stay, price_per_person_per_night) VALUES
(1, '2026-01-01', '2026-12-31', 'General', 40.00, 110.00, 8.00, 0.00),
(1, '2026-04-01', '2026-09-30', 'Seasonal', 55.00, 145.00, 10.00, 0.00),
(2, '2026-01-01', '2026-12-31', 'General', 30.00, 125.00, 0.00, 0.00),
(3, '2026-01-01', '2026-12-31', 'General', 20.00, 78.00, 0.00, 0.00),
(3, '2026-07-01', '2026-12-31', 'Seasonal', 25.00, 88.00, 0.00, 4.00),
(4, '2026-01-01', '2026-12-31', 'General', 25.00, 95.00, 5.00, 0.00),
(5, '2026-01-01', '2026-12-31', 'General', 45.00, 140.00, 0.00, 6.00),
(5, '2026-06-01', '2026-09-30', 'Seasonal', 60.00, 175.00, 12.00, 0.00),
(6, '2026-01-01', '2026-12-31', 'General', 35.00, 132.00, 0.00, 0.00),
(7, '2026-01-01', '2026-12-31', 'General', 15.00, 72.00, 0.00, 3.50),
(8, '2026-01-01', '2026-12-31', 'General', 50.00, 165.00, 0.00, 0.00),
(8, '2026-04-01', '2026-10-31', 'Seasonal', 60.00, 195.00, 15.00, 0.00),
(8, '2026-11-01', '2026-12-31', 'Seasonal', 55.00, 180.00, 0.00, 7.50),
(9, '2026-01-01', '2026-12-31', 'General', 35.00, 118.00, 8.00, 0.00),
(10, '2026-01-01', '2026-12-31', 'General', 40.00, 135.00, 0.00, 5.00),
(11, '2026-01-01', '2026-12-31', 'General', 20.00, 82.00, 0.00, 0.00),
(12, '2026-01-01', '2026-12-31', 'General', 80.00, 145.00, 25.00, 0.00),
(12, '2026-04-01', '2026-08-31', 'Seasonal', 95.00, 210.00, 0.00, 12.00),
(12, '2026-09-01', '2026-12-31', 'Seasonal', 75.00, 165.00, 20.00, 0.00),
(13, '2026-01-01', '2026-12-31', 'General', 35.00, 120.00, 0.00, 0.00),
(14, '2026-01-01', '2026-12-31', 'General', 75.00, 185.00, 0.00, 8.00),
(14, '2026-06-01', '2026-09-30', 'Seasonal', 90.00, 230.00, 18.00, 0.00),
(15, '2026-01-01', '2026-12-31', 'General', 55.00, 170.00, 0.00, 7.00),
(16, '2026-01-01', '2026-12-31', 'General', 15.00, 68.00, 0.00, 0.00),
(17, '2026-01-01', '2026-12-31', 'General', 20.00, 92.00, 6.00, 0.00),
(18, '2026-01-01', '2026-12-31', 'General', 70.00, 175.00, 0.00, 0.00),
(18, '2026-05-01', '2026-10-31', 'Seasonal', 85.00, 220.00, 0.00, 11.00),
(19, '2026-01-01', '2026-12-31', 'General', 35.00, 112.00, 7.50, 0.00),
(20, '2026-01-01', '2026-12-31', 'General', 20.00, 75.00, 0.00, 3.00),
(21, '2026-01-01', '2026-12-31', 'General', 20.00, 85.00, 0.00, 0.00),
(22, '2026-01-01', '2026-12-31', 'General', 30.00, 105.00, 0.00, 0.00),
(22, '2026-07-01', '2026-12-31', 'Seasonal', 35.00, 120.00, 5.00, 0.00),
(23, '2026-01-01', '2026-12-31', 'General', 35.00, 130.00, 0.00, 6.00),
(24, '2026-01-01', '2026-12-31', 'General', 30.00, 115.00, 0.00, 0.00),
(25, '2026-01-01', '2026-12-31', 'General', 25.00, 98.00, 4.00, 0.00),
(26, '2026-01-01', '2026-12-31', 'General', 45.00, 140.00, 0.00, 9.00),
(27, '2026-01-01', '2026-12-31', 'General', 25.00, 90.00, 0.00, 0.00),
(28, '2026-01-01', '2026-12-31', 'General', 30.00, 105.00, 0.00, 4.50),
(29, '2026-01-01', '2026-12-31', 'General', 25.00, 92.00, 6.00, 0.00),
(30, '2026-01-01', '2026-12-31', 'General', 40.00, 125.00, 0.00, 5.50),
(31, '2026-01-01', '2026-12-31', 'General', 35.00, 115.00, 9.00, 0.00),
(32, '2026-01-01', '2026-12-31', 'General', 20.00, 80.00, 0.00, 0.00),
(1, '2026-07-10', '2026-07-12', 'Event', 75.00, 190.00, 15.00, 0.00),
(8, '2026-06-12', '2026-06-14', 'Event', 90.00, 240.00, 20.00, 0.00),
(12, '2026-07-04', '2026-07-06', 'Override', 125.00, 260.00, 0.00, 15.00);

INSERT INTO availabilities (accomm_id, valid_from, valid_until) VALUES
(1, '2026-01-10', '2026-02-28'),
(1, '2026-04-15', '2026-07-14'),
(2, '2026-02-01', '2026-04-30'),
(2, '2026-08-01', '2026-10-31'),
(3, '2026-01-15', '2026-03-31'),
(3, '2026-07-10', '2026-09-30'),
(4, '2026-03-01', '2026-05-31'),
(4, '2026-12-20', '2026-12-31'),
(5, '2026-02-01', '2026-05-15'),
(5, '2026-06-15', '2026-08-31'),
(6, '2026-01-01', '2026-03-31'),
(6, '2026-09-01', '2026-11-30'),
(7, '2026-04-01', '2026-06-30'),
(8, '2026-02-01', '2026-03-15'),
(8, '2026-05-01', '2026-08-31'),
(8, '2026-11-15', '2026-12-20'),
(9, '2026-03-01', '2026-07-31'),
(10, '2026-04-01', '2026-09-30'),
(11, '2026-05-01', '2026-10-31'),
(12, '2026-01-15', '2026-03-15'),
(12, '2026-04-10', '2026-08-20'),
(12, '2026-09-15', '2026-12-15'),
(13, '2026-02-01', '2026-12-15'),
(14, '2026-03-01', '2026-05-20'),
(14, '2026-06-15', '2026-09-15'),
(15, '2026-01-01', '2026-06-30'),
(16, '2026-04-01', '2026-11-30'),
(17, '2026-02-01', '2026-08-31'),
(18, '2026-01-10', '2026-04-20'),
(18, '2026-05-15', '2026-10-15'),
(19, '2026-03-01', '2026-10-31'),
(20, '2026-01-01', '2026-12-31'),
(21, '2026-02-01', '2026-11-30'),
(22, '2026-01-15', '2026-06-15'),
(22, '2026-07-15', '2026-12-15'),
(23, '2026-03-01', '2026-09-30'),
(24, '2026-04-01', '2026-10-31'),
(25, '2026-05-01', '2026-12-15'),
(26, '2026-02-01', '2026-08-31'),
(27, '2026-01-01', '2026-05-31'),
(28, '2026-06-01', '2026-12-31'),
(29, '2026-03-15', '2026-10-15'),
(30, '2026-04-01', '2026-09-30'),
(31, '2026-02-01', '2026-11-30'),
(32, '2026-01-01', '2026-12-31');

INSERT INTO wishlists (user_id, title) VALUES
(1, 'Weekend Escapes'),
(1, 'Mountain Dreams'),
(3, 'City Break Ideas'),
(3, 'Romantic Getaways'),
(5, 'Canal and River Stays'),
(8, 'US Travel Picks'),
(8, 'Central Europe Favorites'),
(11, 'Work-friendly Stays'),
(14, 'Sunny Places'),
(14, 'Nordic Trips'),
(18, 'Big City Apartments'),
(21, 'Historic Views'),
(21, 'Luxury Beach Ideas'),
(23, 'Italy Wishlist'),
(24, 'Budget City Studios'),
(24, 'Berlin and Beyond'),
(27, 'Courtyard Calm'),
(28, 'California Favorites'),
(28, 'Greek Holidays'),
(30, 'Poland Travel List');

INSERT INTO wishlisted_accommodations (accomm_id, wishlist_id) VALUES
(1, 1),
(3, 1),
(16, 1),
(1, 2),
(5, 2),
(27, 2),
(2, 3),
(8, 3),
(15, 3),
(21, 3),
(4, 4),
(10, 4),
(19, 4),
(6, 5),
(23, 5),
(24, 5),
(12, 6),
(26, 6),
(30, 6),
(4, 7),
(22, 7),
(27, 7),
(32, 7),
(3, 8),
(13, 8),
(23, 8),
(26, 8),
(9, 9),
(11, 9),
(18, 9),
(29, 9),
(7, 10),
(25, 10),
(28, 10),
(8, 11),
(13, 11),
(15, 11),
(30, 11),
(10, 12),
(11, 12),
(29, 12),
(12, 13),
(14, 13),
(18, 13),
(10, 14),
(19, 14),
(31, 14),
(16, 15),
(20, 15),
(21, 15),
(32, 15),
(3, 16),
(21, 16),
(27, 16),
(4, 17),
(22, 17),
(12, 18),
(26, 18),
(11, 19),
(29, 19),
(27, 20),
(32, 20);

INSERT INTO coupons (code, minimum_amt, amt_fixed, amt_percentage, valid_from, valid_until) VALUES
('WELCOME10', 50.00, 10.00, 0.00000, '2026-01-01 00:00:00', '2026-12-31 23:59:59'),
('CITYBREAK5', 75.00, 5.00, 0.00000, '2026-02-01 00:00:00', '2026-06-30 23:59:59'),
('SUMMER12PCT', 100.00, 0.00, 0.12500, '2026-06-01 00:00:00', '2026-08-31 23:59:59'),
('WINTER20', 120.00, 20.00, 0.00000, '2026-11-01 00:00:00', '2027-02-28 23:59:59'),
('LONGSTAY15', 300.00, 0.00, 0.15000, '2026-01-01 00:00:00', '2026-12-31 23:59:59'),
('FLASH25', 150.00, 25.00, 0.00000, '2026-04-01 08:00:00', '2026-04-07 23:59:59'),
('LOWBUDGET3', 30.00, 3.00, 0.00000, '2026-01-01 00:00:00', '2026-12-31 23:59:59'),
('EUROPE8PCT', 80.00, 0.00, 0.08000, '2026-03-01 00:00:00', '2026-10-31 23:59:59'),
('FAMILY30', 200.00, 30.00, 0.00000, '2026-01-01 00:00:00', '2026-09-30 23:59:59'),
('EARLYBIRD10PCT', 100.00, 0.00, 0.10000, '2025-10-01 00:00:00', '2026-03-31 23:59:59'),
('EXPIRED2025', 50.00, 7.50, 0.00000, '2025-01-01 00:00:00', '2025-12-31 23:59:59'),
('NEXTYEAR15', 100.00, 15.00, 0.00000, '2027-01-01 00:00:00', '2027-12-31 23:59:59'),
('FIREPLACE15', 90.00, 15.00, 0.00000, '2026-01-01 00:00:00', '2026-04-30 23:59:59'),
('HOTDEALAIR', 60.00, 0.00, 0.05000, '2026-02-01 00:00:00', '2026-08-31 23:59:59'),
('WATERWAY10', 80.00, 10.00, 0.00000, '2026-03-01 00:00:00', '2026-09-30 23:59:59'),
('EARTHLY20', 150.00, 20.00, 0.00000, '2026-01-01 00:00:00', '2026-12-31 23:59:59'),
('BREEZY7PCT', 70.00, 0.00, 0.07000, '2026-04-01 00:00:00', '2026-10-31 23:59:59'),
('WINDOWNPRICE', 100.00, 12.00, 0.00000, '2026-05-01 00:00:00', '2026-11-30 23:59:59'),
('AQUAINTED5', 40.00, 5.00, 0.00000, '2026-01-01 00:00:00', '2026-12-31 23:59:59'),
('IGNITEYOURSTAY', 110.00, 0.00, 0.09000, '2026-06-01 00:00:00', '2026-12-31 23:59:59'),
('ROCKBOTTOM12', 120.00, 12.00, 0.00000, '2026-01-01 00:00:00', '2026-05-31 23:59:59'),
('MISTOPPORTUNITY', 90.00, 0.00, 0.06500, '2026-02-15 00:00:00', '2026-07-15 23:59:59'),
('LAVELYSTAY', 130.00, 18.00, 0.00000, '2026-07-01 00:00:00', '2026-12-31 23:59:59'),
('STAYGROUNDED', 55.00, 6.00, 0.00000, '2026-01-01 00:00:00', '2026-12-31 23:59:59');

INSERT INTO bookings (accomm_id, coupon_id, guest_id, booked_on, no_of_guests, full_price, start_date, end_date, confirmed, cancelled) VALUES
(1, 1, 2, '2026-01-05 10:15:00', 2, 500.58, '2026-01-12', '2026-01-16', TRUE, FALSE),
(1, NULL, 5, '2026-03-20 09:00:00', 4, 695.25, '2026-04-18', '2026-04-22', TRUE, FALSE),
(1, 16, 8, '2026-04-25 14:30:00', 3, 599.33, '2026-07-02', '2026-07-06', TRUE, FALSE),
(2, 2, 1, '2026-02-10 11:20:00', 2, 412.00, '2026-02-15', '2026-02-18', TRUE, FALSE),
(2, NULL, 3, '2026-04-20 08:45:00', 1, 417.15, '2026-08-10', '2026-08-13', TRUE, FALSE),
(3, 10, 6, '2025-11-15 16:10:00', 1, 380.07, '2026-01-20', '2026-01-25', TRUE, FALSE),
(3, 17, 9, '2026-04-20 12:00:00', 2, 391.78, '2026-08-05', '2026-08-09', TRUE, FALSE),
(4, 5, 10, '2026-03-05 17:35:00', 2, 280.16, '2026-03-12', '2026-03-15', TRUE, FALSE),
(4, NULL, 1, '2026-04-30 13:00:00', 3, 432.60, '2026-12-22', '2026-12-26', FALSE, TRUE),
(5, 9, 2, '2026-02-15 15:25:00', 4, 691.13, '2026-03-01', '2026-03-05', TRUE, FALSE),
(5, 17, 7, '2026-04-25 10:10:00', 5, 896.74, '2026-07-05', '2026-07-10', TRUE, FALSE),
(6, 8, 4, '2026-03-10 09:30:00', 2, 408.42, '2026-03-20', '2026-03-23', TRUE, FALSE),
(6, NULL, 10, '2026-04-28 12:15:00', 1, 443.93, '2026-09-10', '2026-09-13', TRUE, FALSE),
(7, 14, 1, '2026-04-10 18:00:00', 2, 246.58, '2026-05-05', '2026-05-08', TRUE, FALSE),
(8, 13, 6, '2026-02-01 13:15:00', 3, 545.90, '2026-02-10', '2026-02-13', TRUE, FALSE),
(8, 15, 2, '2026-04-28 09:45:00', 4, 916.70, '2026-05-20', '2026-05-24', TRUE, FALSE),
(8, 16, 5, '2026-04-29 10:00:00', 2, 638.60, '2026-11-20', '2026-11-23', TRUE, FALSE),
(9, 16, 3, '2026-03-01 11:50:00', 2, 518.09, '2026-03-10', '2026-03-14', TRUE, FALSE),
(10, NULL, 4, '2026-04-01 10:10:00', 4, 839.45, '2026-04-15', '2026-04-20', TRUE, FALSE),
(11, 19, 5, '2026-05-01 08:30:00', 2, 353.29, '2026-05-10', '2026-05-14', TRUE, FALSE),
(12, 6, 6, '2026-04-02 12:00:00', 4, 1400.80, '2026-04-15', '2026-04-20', TRUE, FALSE),
(12, 8, 7, '2026-04-29 09:10:00', 3, 745.15, '2026-10-01', '2026-10-05', TRUE, FALSE),
(13, NULL, 8, '2026-02-15 14:00:00', 3, 530.45, '2026-03-01', '2026-03-05', TRUE, FALSE),
(14, 18, 9, '2026-05-01 10:00:00', 5, 1357.54, '2026-06-20', '2026-06-25', FALSE, TRUE),
(15, 21, 10, '2026-01-12 09:15:00', 2, 612.85, '2026-02-01', '2026-02-04', TRUE, FALSE),
(16, NULL, 11, '2026-04-15 18:20:00', 1, 155.53, '2026-05-01', '2026-05-03', TRUE, FALSE),
(17, 22, 12, '2026-03-01 16:00:00', 2, 296.62, '2026-03-15', '2026-03-18', TRUE, FALSE),
(18, 16, 13, '2026-05-01 11:00:00', 4, 1156.69, '2026-08-01', '2026-08-05', TRUE, FALSE),
(19, 24, 14, '2026-03-05 15:00:00', 3, 629.85, '2026-03-20', '2026-03-25', TRUE, FALSE),
(20, NULL, 15, '2026-02-01 13:00:00', 2, 187.46, '2026-02-10', '2026-02-12', FALSE, FALSE),
(21, 7, 16, '2026-02-01 08:00:00', 2, 280.16, '2026-02-12', '2026-02-15', TRUE, FALSE),
(22, 1, 17, '2026-01-10 10:20:00', 3, 345.05, '2026-02-10', '2026-02-13', TRUE, FALSE),
(23, NULL, 18, '2026-03-15 09:45:00', 2, 474.83, '2026-04-01', '2026-04-04', TRUE, FALSE),
(24, 5, 19, '2026-04-02 12:40:00', 2, 429.00, '2026-04-10', '2026-04-14', TRUE, FALSE),
(25, NULL, 20, '2026-05-01 10:30:00', 2, 336.81, '2026-05-15', '2026-05-18', TRUE, FALSE),
(26, 8, 21, '2026-05-01 16:45:00', 2, 641.53, '2026-05-20', '2026-05-24', TRUE, FALSE),
(27, NULL, 22, '2026-01-03 09:10:00', 3, 303.85, '2026-01-15', '2026-01-18', FALSE, TRUE),
(28, NULL, 23, '2026-05-01 11:00:00', 2, 383.16, '2026-06-20', '2026-06-23', TRUE, FALSE),
(29, NULL, 25, '2026-03-15 11:20:00', 3, 328.57, '2026-04-01', '2026-04-04', TRUE, FALSE),
(30, NULL, 26, '2026-04-01 09:00:00', 2, 461.44, '2026-04-10', '2026-04-13', TRUE, FALSE),
(31, NULL, 29, '2026-02-05 10:00:00', 4, 546.93, '2026-02-15', '2026-02-19', TRUE, FALSE),
(32, NULL, 30, '2026-01-10 11:30:00', 2, 267.80, '2026-01-20', '2026-01-23', TRUE, FALSE);

INSERT INTO payment_methods (user_id, name, provider, details) VALUES
(1, 'Alice Visa', 'Visa', 'Card ending in 1842, expires 08/2028'),
(1, 'Alice PayPal', 'PayPal', 'PayPal account linked to alice.meyer@gmail.com'),
(2, 'Ben Mastercard', 'Mastercard', 'Card ending in 4421, expires 11/2027'),
(2, 'Ben Travel Visa', 'Visa', 'Card ending in 7634, expires 04/2029'),
(3, 'Clara Travel Card', 'Visa', 'Card ending in 3908, expires 03/2029'),
(4, 'David PayPal', 'PayPal', 'PayPal account linked to david.fischer@hotmail.com'),
(5, 'Emma Amex', 'American Express', 'Card ending in 7740, expires 05/2028'),
(5, 'Emma Backup Mastercard', 'Mastercard', 'Card ending in 1186, expires 09/2027'),
(6, 'Felix Visa', 'Visa', 'Card ending in 2259, expires 01/2027'),
(6, 'Felix PayPal', 'PayPal', 'PayPal account linked to felix.wagner@aol.com'),
(7, 'Greta Mastercard', 'Mastercard', 'Card ending in 6134, expires 12/2028'),
(8, 'Henry Business Card', 'Visa', 'Card ending in 9044, expires 09/2029'),
(8, 'Henry PayPal', 'PayPal', 'PayPal account linked to henry.hoffmann@gmail.com'),
(9, 'Isabel PayPal', 'PayPal', 'PayPal account linked to isabel.neumann@outlook.com'),
(10, 'Jonas Debit Card', 'Maestro', 'Debit card ending in 5520, expires 04/2027'),
(11, 'Klara Visa', 'Visa', 'Card ending in 7186, expires 10/2028'),
(12, 'Leon Mastercard', 'Mastercard', 'Card ending in 3091, expires 07/2029'),
(13, 'Mara PayPal', 'PayPal', 'PayPal account linked to mara.peters@gmail.com'),
(14, 'Noah Travel Card', 'Visa', 'Card ending in 8826, expires 02/2028'),
(15, 'Olivia Mastercard', 'Mastercard', 'Card ending in 4603, expires 06/2027'),
(16, 'Paul Visa', 'Visa', 'Card ending in 1277, expires 09/2028'),
(17, 'Quinn PayPal', 'PayPal', 'PayPal account linked to quinn.seidel@outlook.com'),
(18, 'Rosa Debit Card', 'Visa Debit', 'Debit card ending in 6935, expires 01/2029'),
(19, 'Simon Mastercard', 'Mastercard', 'Card ending in 8401, expires 03/2028'),
(20, 'Tina Visa', 'Visa', 'Card ending in 2719, expires 12/2027'),
(21, 'Ulf Travel Card', 'Mastercard', 'Card ending in 9568, expires 05/2029'),
(22, 'Vera PayPal', 'PayPal', 'PayPal account linked to vera.madsen@outlook.com'),
(23, 'Will Amex', 'American Express', 'Card ending in 3412, expires 08/2028'),
(25, 'Yara Mastercard', 'Mastercard', 'Card ending in 6027, expires 04/2028'),
(26, 'Zane PayPal', 'PayPal', 'PayPal account linked to zane.miller@gmail.com'),
(29, 'Carlos Mastercard', 'Mastercard', 'Card ending in 8294, expires 10/2028'),
(29, 'Carlos Backup Visa', 'Visa', 'Card ending in 2057, expires 01/2029'),
(30, 'Daria Visa', 'Visa', 'Card ending in 4762, expires 06/2029'),
(30, 'Daria PayPal', 'PayPal', 'PayPal account linked to daria.kowalska@outlook.com');

INSERT INTO payments (booking_id, pay_meth_id, payment_date, amount, status) VALUES
(1, 3, '2026-01-05 10:20:00', 500.58, 'Completed'),
(2, 7, '2026-03-20 09:05:00', 347.63, 'Completed'),
(2, 7, '2026-04-10 09:00:00', 347.62, 'Completed'),
(3, 12, '2026-04-25 14:35:00', 599.33, 'Completed'),
(4, 1, '2026-02-10 11:25:00', 412.00, 'Completed'),
(5, 5, '2026-04-20 08:50:00', 417.15, 'Completed'),
(6, 9, '2025-11-15 16:15:00', 190.04, 'Completed'),
(6, 9, '2026-01-05 12:00:00', 190.03, 'Completed'),
(7, 14, '2026-04-20 12:05:00', 391.78, 'Completed'),
(8, 15, '2026-03-05 17:40:00', 280.16, 'Completed'),
(9, 1, '2026-04-30 13:05:00', 432.60, 'Refunded'),
(10, 3, '2026-02-15 15:30:00', 345.57, 'Completed'),
(10, 3, '2026-02-25 10:00:00', 345.56, 'Completed'),
(11, 11, '2026-04-25 10:15:00', 896.74, 'Completed'),
(12, 6, '2026-03-10 09:35:00', 408.42, 'Completed'),
(13, 15, '2026-04-28 12:20:00', 221.97, 'Completed'),
(13, 15, '2026-09-01 12:00:00', 221.96, 'Scheduled'),
(14, 2, '2026-04-10 18:05:00', 246.58, 'Completed'),
(15, 10, '2026-02-01 13:20:00', 545.90, 'Completed'),
(16, 4, '2026-04-28 09:50:00', 458.35, 'Completed'),
(16, 4, '2026-05-15 09:00:00', 458.35, 'Scheduled'),
(17, 8, '2026-04-29 10:05:00', 638.60, 'Completed'),
(18, 5, '2026-03-01 11:55:00', 518.09, 'Completed'),
(19, 6, '2026-04-01 10:15:00', 419.73, 'Completed'),
(19, 6, '2026-04-08 10:00:00', 419.72, 'Completed'),
(20, 7, '2026-05-01 08:35:00', 353.29, 'Completed'),
(21, 9, '2026-04-02 12:05:00', 700.40, 'Completed'),
(21, 9, '2026-04-10 12:00:00', 700.40, 'Completed'),
(22, 11, '2026-04-29 09:15:00', 745.15, 'Completed'),
(23, 12, '2026-02-15 14:05:00', 530.45, 'Completed'),
(24, 14, '2026-05-01 10:05:00', 678.77, 'Refunded'),
(25, 15, '2026-01-12 09:20:00', 612.85, 'Completed'),
(26, 16, '2026-04-15 18:25:00', 155.53, 'Completed'),
(27, 17, '2026-03-01 16:05:00', 296.62, 'Completed'),
(28, 18, '2026-05-01 11:05:00', 578.35, 'Completed'),
(28, 18, '2026-07-25 11:00:00', 578.34, 'Scheduled'),
(29, 19, '2026-03-05 15:05:00', 629.85, 'Completed'),
(30, 20, '2026-02-01 13:05:00', 187.46, 'Pending'),
(31, 21, '2026-02-01 08:05:00', 280.16, 'Completed'),
(32, 22, '2026-01-10 10:25:00', 345.05, 'Completed'),
(33, 23, '2026-03-15 09:50:00', 237.42, 'Completed'),
(33, 23, '2026-03-25 09:00:00', 237.41, 'Completed'),
(34, 24, '2026-04-02 12:45:00', 429.00, 'Completed'),
(35, 25, '2026-05-01 10:35:00', 336.81, 'Completed'),
(36, 26, '2026-05-01 16:50:00', 641.53, 'Completed'),
(37, 27, '2026-01-03 09:15:00', 303.85, 'Refunded'),
(38, 28, '2026-05-01 11:05:00', 191.58, 'Completed'),
(38, 28, '2026-06-15 11:00:00', 191.58, 'Scheduled'),
(39, 29, '2026-03-15 11:25:00', 328.57, 'Completed'),
(40, 30, '2026-04-01 09:05:00', 461.44, 'Completed'),
(41, 31, '2026-02-05 10:05:00', 273.47, 'Completed'),
(41, 31, '2026-02-10 10:00:00', 273.46, 'Completed'),
(42, 33, '2026-01-10 11:35:00', 267.80, 'Completed');

INSERT INTO messages (booking_id, message, sender_is_guest, sent) VALUES
(1, 'Hi! We are really looking forward to the cabin stay. Could you let us know if the parking space is directly by the cabin?', TRUE, '2026-01-05 10:30:00'),
(1, 'Hi Ben, yes, the private parking space is just a short walk from the entrance. I will send you detailed directions before check-in.', FALSE, '2026-01-05 11:05:00'),
(1, 'Perfect, thank you! We will probably arrive around 17:00.', TRUE, '2026-01-05 11:20:00'),
(3, 'Hi, we booked the cabin for July and saw it has a fireplace. Is it usable in summer as well?', TRUE, '2026-04-25 14:45:00'),
(3, 'The fireplace is available, but we usually recommend using it only on colder evenings. Firewood is stored next to the living area.', FALSE, '2026-04-25 16:10:00'),
(4, 'Hi! Our train arrives in Hamburg around 15:30. Would it be possible to check in shortly before 16:00?', TRUE, '2026-02-10 11:35:00'),
(4, 'That should be fine. I will make sure the loft is ready a little earlier.', FALSE, '2026-02-10 12:15:00'),
(4, 'Amazing, thank you. Is there a key box or will someone meet us?', TRUE, '2026-02-10 12:40:00'),
(4, 'There is a key box by the entrance. I will send you the code on the day of arrival.', FALSE, '2026-02-10 13:10:00'),
(6, 'Hello, I booked the Berlin garden studio early for January. Could you confirm that the workspace faces the garden?', TRUE, '2025-11-15 16:25:00'),
(6, 'Yes, the desk is placed by the garden-facing window. It is a quiet spot and suitable for laptop work.', FALSE, '2025-11-15 17:00:00'),
(8, 'Hi, we are arriving in Salzburg by car. Is there parking nearby?', TRUE, '2026-03-05 17:50:00'),
(8, 'There is a public parking garage about five minutes away on foot. I can send you the address.', FALSE, '2026-03-05 18:25:00'),
(8, 'Yes please, that would be very helpful.', TRUE, '2026-03-05 18:40:00'),
(9, 'Hi, I am sorry, but I need to cancel this Salzburg stay. What happens with the payment?', TRUE, '2026-04-30 13:20:00'),
(9, 'Thanks for letting me know. Since the booking is not confirmed yet, the payment can be refunded.', FALSE, '2026-04-30 14:00:00'),
(9, 'That is a relief, thank you. Please go ahead with the cancellation.', TRUE, '2026-04-30 14:15:00'),
(9, 'Done. The booking is cancelled and the refund should be processed through the platform.', FALSE, '2026-04-30 15:00:00'),
(10, 'Hello! We are travelling as a family to Lucerne. Could you please confirm that the crib and high chair are available?', TRUE, '2026-02-15 15:45:00'),
(10, 'Absolutely, both can be prepared for your stay. I will leave them in the main bedroom.', FALSE, '2026-02-15 16:30:00'),
(12, 'Hi, is the Amsterdam canal-facing balcony private or shared?', TRUE, '2026-03-10 09:50:00'),
(12, 'It is private for the suite. You will have direct access from the room.', FALSE, '2026-03-10 10:25:00'),
(12, 'Lovely, thank you. We are really excited for the canal view.', TRUE, '2026-03-10 10:40:00'),
(13, 'Hello, I noticed the second payment is scheduled later. Is everything okay with the Amsterdam booking already?', TRUE, '2026-04-28 12:35:00'),
(13, 'Yes, the booking is confirmed. The scheduled payment is only the second installment.', FALSE, '2026-04-28 13:10:00'),
(14, 'Hi! Is the Stockholm old town room easy to reach from the central station?', TRUE, '2026-04-10 18:20:00'),
(14, 'Yes, it is very central. I will send you a short transit route before arrival.', FALSE, '2026-04-10 19:00:00'),
(15, 'Hello, we are three guests for the Paris flat. Is there enough seating in the living area?', TRUE, '2026-02-01 13:25:00'),
(15, 'Yes, the flat has enough seating for three guests in the living area and dining space.', FALSE, '2026-02-01 14:05:00'),
(15, 'Great. Also, is the kitchen stocked with basic cookware?', TRUE, '2026-02-01 14:20:00'),
(15, 'Yes, basic cookware, dishes, and cutlery are available.', FALSE, '2026-02-01 15:00:00'),
(17, 'Hi, we are arriving in Paris quite late in November. Is check-in after 20:00 possible?', TRUE, '2026-04-29 10:20:00'),
(17, 'Yes, late arrival is possible. I will send the access details in advance.', FALSE, '2026-04-29 11:15:00'),
(20, 'Hi, is the Athens studio balcony the one with the Acropolis view?', TRUE, '2026-05-01 08:45:00'),
(20, 'Yes, that is correct. The balcony has the city view shown in the listing photos.', FALSE, '2026-05-01 09:30:00'),
(20, 'Wonderful, thanks! That was the main reason we picked it.', TRUE, '2026-05-01 09:45:00'),
(21, 'Hello, I booked the Miami condo and paid in two parts. Could you confirm both payments are visible?', TRUE, '2026-04-02 12:20:00'),
(21, 'Yes, I can see the installment plan. Your booking is confirmed.', FALSE, '2026-04-02 13:00:00'),
(21, 'Perfect. Is pool access included for all four guests?', TRUE, '2026-04-02 13:15:00'),
(21, 'Yes, pool access is included for all registered guests.', FALSE, '2026-04-02 13:50:00'),
(24, 'Hi, I am very sorry, but we have to cancel the Sydney stay. Could you confirm the refund process?', TRUE, '2026-05-01 10:20:00'),
(24, 'I am sorry to hear that. The booking has been marked as cancelled and the payment will be refunded.', FALSE, '2026-05-01 11:00:00'),
(26, 'Hello, is the Dublin room suitable for arriving with a small suitcase before check-in?', TRUE, '2026-04-15 18:35:00'),
(26, 'You can drop off luggage from 13:00 onward. The room itself will be ready by check-in time.', FALSE, '2026-04-15 19:10:00'),
(26, 'That helps a lot. Thank you!', TRUE, '2026-04-15 19:20:00'),
(27, 'Hi, does the Tokyo micro flat have enough space for two suitcases?', TRUE, '2026-03-01 16:15:00'),
(27, 'It is quite compact, but two cabin-sized suitcases should be fine. Large luggage may be tight.', FALSE, '2026-03-01 17:00:00'),
(28, 'Hi, does the Dubai apartment have pool access included?', TRUE, '2026-05-01 11:20:00'),
(28, 'Yes, shared pool access is included for registered guests.', FALSE, '2026-05-01 12:00:00'),
(28, 'Great. Is the beach within walking distance too?', TRUE, '2026-05-01 12:15:00'),
(28, 'Yes, the waterfront is nearby and easy to reach on foot.', FALSE, '2026-05-01 12:45:00'),
(30, 'Hello, is the Brussels studio still available even though the listing is not visible?', TRUE, '2026-02-01 13:15:00'),
(30, 'Yes, your booking request was made before the listing was hidden. The stay can still go ahead if confirmed.', FALSE, '2026-02-01 14:00:00'),
(31, 'Hi, does the Berlin studio have a proper desk or just a table?', TRUE, '2026-02-01 08:20:00'),
(31, 'It has a fold-out desk by the window, suitable for laptop work.', FALSE, '2026-02-01 09:00:00'),
(31, 'Nice, that works for me. Is the WiFi reliable enough for video calls?', TRUE, '2026-02-01 09:15:00'),
(31, 'Yes, the connection is stable and previous guests have used it for remote work.', FALSE, '2026-02-01 10:00:00'),
(32, 'Hi, we are three guests for the Vienna courtyard apartment. Is the courtyard shared?', TRUE, '2026-01-10 10:40:00'),
(32, 'Yes, the courtyard garden is shared, but it is usually quiet.', FALSE, '2026-01-10 11:15:00'),
(37, 'Hi, unfortunately I need to cancel the Nuremberg stay. Could you confirm whether the payment will be refunded?', TRUE, '2026-01-03 09:30:00'),
(37, 'Yes, since the booking has been cancelled, the payment will be refunded through the platform.', FALSE, '2026-01-03 10:05:00');

INSERT INTO reviews (booking_id, rating_by_guest, rating_by_host, review_by_guest, review_by_host) VALUES
(1, 5, 5,
 'Beautiful cabin with a cozy fireplace and very clear check-in instructions. The parking directions were helpful and the stay felt peaceful.',
 'Ben and his travel companion were excellent guests. Communication was friendly and they left the cabin very tidy.'),
(2, 4, NULL,
 'Lovely mountain cabin with plenty of space for our group. The location was quiet and the kitchen had everything we needed.',
 NULL),
(4, 4, 5,
 'Great city loft in Hamburg. Check-in with the key box was easy and the location was perfect for a short trip.',
 'Alice was a reliable and pleasant guest. She communicated her arrival time clearly and respected the apartment rules.'),
(6, 5, 4,
 'The garden-facing workspace was exactly what I needed. Quiet, bright, and very comfortable for remote work.',
 'Felix was a good guest and left the studio in nice condition. Communication before arrival was smooth.'),
(8, 4, 5,
 'Lovely Salzburg flat with a lot of charm. The parking garage was close enough and the host was very helpful.',
 'Jonas was friendly, easy to communicate with, and took good care of the flat.'),
(10, 5, 5,
 'The Lucerne apartment was perfect for our family. The crib and high chair were ready when we arrived, which made things much easier.',
 'Ben and his family were wonderful guests. They were respectful, kind, and left the apartment in excellent shape.'),
(12, 5, 4,
 'The canal view was lovely and the private balcony made the stay feel special. Would absolutely book again.',
 'David was a considerate guest and communicated well throughout the booking.'),
(15, 4, 4,
 'Comfortable flat in a great Paris location. The kitchen had everything we needed for a short stay.',
 'Felix and his group were polite and easy guests. The flat was left in good condition.'),
(18, 4, 5,
 'Great Barcelona apartment with a sunny balcony. The location was very walkable and lively.',
 'Clara was a great guest. Friendly communication and no issues during the stay.'),
(19, 5, 5,
 'The Rome apartment had a wonderful atmosphere and the rooftop terrace was a highlight of the trip.',
 'David and his group were excellent guests. They were respectful and left the apartment very clean.'),
(21, 5, NULL,
 'The Miami condo was bright, clean, and very close to the beach. Pool access for all guests worked exactly as expected.',
 NULL),
(25, 4, 4,
 'Classic London flat with a nice location and comfortable rooms. Everything matched the listing.',
 'Jonas was a reliable guest and followed the house rules carefully.'),
(27, 4, 5,
 'The Tokyo micro flat was compact but well designed. It worked well for a short stay with light luggage.',
 'Leon was very easy to host and communicated clearly before check-in.'),
(29, 5, NULL,
 'The Lisbon balcony flat was sunny, welcoming, and in a great area for walking around the city.',
 NULL),
(31, 4, 5,
 'The Berlin studio was small but practical, and the WiFi worked well for video calls.',
 'Paul was a very respectful guest and left the studio neat.'),
(32, NULL, 4,
 NULL,
 'Quinn and the other guests were polite and easy to host. The apartment was left in good condition.'),
(33, 4, NULL,
 'The Zurich riverside room was clean and quiet. The workspace was useful and the location near the river was a nice bonus.',
 NULL),
(39, 5, 5,
 'The Athens Plaka apartment was sunny, central, and close to the historic sights. The balcony was lovely in the evening.',
 'Yara was a wonderful guest. Communication was kind and clear, and the apartment was treated with care.'),
(40, 4, NULL,
 'The Brooklyn room was cozy and well located. It was easy to get around by subway and the neighborhood had great cafés.',
 NULL),
(41, 5, 4,
 'The Madrid apartment was bright, spacious enough for our group, and very comfortable for a city trip.',
 'Carlos and his group were friendly and respectful guests. Everything was left in good order.'),
(42, NULL, 5,
 NULL,
 'Daria was an excellent guest. Communication was smooth, and the Warsaw studio was left very clean.');